{"textures":{"0":"modelengine:entity/inferno_drake"},"elements":[{"from":[5.0,-15.687868,3.4583635],"to":[11.0,9.312132,11.458364],"faces":{"east":{"uv":[3.1897106,12.166667,2.675241,13.444445],"tintindex":0,"rotation":0,"texture":"#0"},"south":{"uv":[10.032154,12.666667,9.620579,13.944445],"tintindex":0,"rotation":0,"texture":"#0"},"north":{"uv":[3.6012862,12.166667,3.1897106,13.444445],"tintindex":0,"rotation":0,"texture":"#0"},"west":{"uv":[2.675241,12.166667,2.1607716,13.444445],"tintindex":0,"rotation":0,"texture":"#0"},"up":{"uv":[0.7202572,10.666667,1.1318328,10.111112],"tintindex":0,"rotation":0,"texture":"#0"},"down":{"uv":[0.7202572,10.666667,1.1318328,11.222222],"tintindex":0,"rotation":0,"texture":"#0"}}}],"display":{"gui":{"rotation":[30,225,0]}}}