{"textures":{"0":"modelengine:entity/skywhisper_wyvern"},"elements":[{"from":[2.1457458,-6.0063486,-1.4947519],"to":[11.484398,9.558071,10.956784],"faces":{"east":{"uv":[7.625,6.0,8.125,6.625],"tintindex":0,"rotation":0,"texture":"#0"},"south":{"uv":[8.0625,0.625,8.4375,1.25],"tintindex":0,"rotation":0,"texture":"#0"},"north":{"uv":[8.0625,0.625,8.4375,1.25],"tintindex":0,"rotation":0,"texture":"#0"},"west":{"uv":[7.625,6.0,8.125,6.625],"tintindex":0,"rotation":0,"texture":"#0"},"up":{"uv":[3.25,9.125,2.875,8.625],"tintindex":0,"rotation":0,"texture":"#0"},"down":{"uv":[3.25,9.125,2.875,8.625],"tintindex":0,"rotation":0,"texture":"#0"}},"rotation":{"origin":[6.8150716,-0.55880165,4.731016],"angle":22.5,"axis":"x"}}],"display":{"gui":{"rotation":[30,225,0]}}}