{"textures":{"0":"modelengine:entity/clam"},"elements":[{"from":[4.0,8.0,4.0],"to":[12.0,10.0,13.0],"faces":{"east":{"uv":[0.0,5.0,2.25,5.5],"tintindex":0,"rotation":0,"texture":"#0"},"south":{"uv":[6.5,5.0,8.5,5.5],"tintindex":0,"rotation":0,"texture":"#0"},"north":{"uv":[2.25,5.0,4.25,5.5],"tintindex":0,"rotation":0,"texture":"#0"},"west":{"uv":[4.25,5.0,6.5,5.5],"tintindex":0,"rotation":0,"texture":"#0"},"up":{"uv":[4.25,5.0,2.25,2.75],"tintindex":0,"rotation":0,"texture":"#0"},"down":{"uv":[6.25,2.75,4.25,5.0],"tintindex":0,"rotation":0,"texture":"#0"}}},{"from":[6.0,8.0,13.0],"to":[10.0,11.0,16.0],"faces":{"east":{"uv":[0.0,6.25,0.75,7.0],"tintindex":0,"rotation":0,"texture":"#0"},"south":{"uv":[2.5,6.25,3.5,7.0],"tintindex":0,"rotation":0,"texture":"#0"},"north":{"uv":[0.75,6.25,1.75,7.0],"tintindex":0,"rotation":0,"texture":"#0"},"west":{"uv":[1.75,6.25,2.5,7.0],"tintindex":0,"rotation":0,"texture":"#0"},"up":{"uv":[1.75,6.25,0.75,5.5],"tintindex":0,"rotation":0,"texture":"#0"},"down":{"uv":[2.75,5.5,1.75,6.25],"tintindex":0,"rotation":0,"texture":"#0"}}}],"display":{"gui":{"rotation":[30,225,0]}}}