{"textures":{"0":"modelengine:entity/clam"},"elements":[{"from":[4.0,8.0,-1.0],"to":[12.0,10.0,8.0],"faces":{"east":{"uv":[0.0,2.25,2.25,2.75],"tintindex":0,"rotation":0,"texture":"#0"},"south":{"uv":[6.5,2.25,8.5,2.75],"tintindex":0,"rotation":0,"texture":"#0"},"north":{"uv":[2.25,2.25,4.25,2.75],"tintindex":0,"rotation":0,"texture":"#0"},"west":{"uv":[4.25,2.25,6.5,2.75],"tintindex":0,"rotation":0,"texture":"#0"},"up":{"uv":[4.25,2.25,2.25,0.0],"tintindex":0,"rotation":0,"texture":"#0"},"down":{"uv":[6.25,0.0,4.25,2.25],"tintindex":0,"rotation":0,"texture":"#0"}}}],"display":{"gui":{"rotation":[30,225,0]}}}