{"textures":{"0":"modelengine:entity/lavalord"},"elements":[{"from":[13.0,4.7301517,13.374317],"to":[16.0,9.730152,16.374317],"faces":{"east":{"uv":[3.25,4.0,4.0,5.25],"tintindex":0,"rotation":0,"texture":"#0"},"south":{"uv":[5.5,4.0,6.25,5.25],"tintindex":0,"rotation":0,"texture":"#0"},"north":{"uv":[4.0,4.0,4.75,5.25],"tintindex":0,"rotation":0,"texture":"#0"},"west":{"uv":[4.75,4.0,5.5,5.25],"tintindex":0,"rotation":0,"texture":"#0"},"up":{"uv":[4.75,4.0,4.0,3.25],"tintindex":0,"rotation":0,"texture":"#0"},"down":{"uv":[5.5,3.25,4.75,4.0],"tintindex":0,"rotation":0,"texture":"#0"}},"rotation":{"origin":[8.0,5.2301517,7.574317],"angle":0.0,"axis":"x"}},{"from":[0.0,7.7301517,-0.42568302],"to":[16.0,23.730152,15.574317],"faces":{"east":{"uv":[0.0,10.25,4.0,14.25],"tintindex":0,"rotation":0,"texture":"#0"},"south":{"uv":[12.0,10.25,16.0,14.25],"tintindex":0,"rotation":0,"texture":"#0"},"north":{"uv":[4.0,10.25,8.0,14.25],"tintindex":0,"rotation":0,"texture":"#0"},"west":{"uv":[8.0,10.25,12.0,14.25],"tintindex":0,"rotation":0,"texture":"#0"},"up":{"uv":[8.0,10.25,4.0,6.25],"tintindex":0,"rotation":0,"texture":"#0"},"down":{"uv":[12.0,6.25,8.0,10.25],"tintindex":0,"rotation":0,"texture":"#0"}}},{"from":[0.0,4.7301517,13.374317],"to":[3.0,9.730152,16.374317],"faces":{"east":{"uv":[3.25,4.0,4.0,5.25],"tintindex":0,"rotation":0,"texture":"#0"},"south":{"uv":[5.5,4.0,6.25,5.25],"tintindex":0,"rotation":0,"texture":"#0"},"north":{"uv":[4.0,4.0,4.75,5.25],"tintindex":0,"rotation":0,"texture":"#0"},"west":{"uv":[4.75,4.0,5.5,5.25],"tintindex":0,"rotation":0,"texture":"#0"},"up":{"uv":[4.75,4.0,4.0,3.25],"tintindex":0,"rotation":0,"texture":"#0"},"down":{"uv":[5.5,3.25,4.75,4.0],"tintindex":0,"rotation":0,"texture":"#0"}},"rotation":{"origin":[8.0,5.2301517,7.574317],"angle":0.0,"axis":"x"}}],"display":{"gui":{"rotation":[30,225,0]}}}