{"textures":{"0":"modelengine:entity/purple"},"elements":[{"from":[5.0,6.0,5.0],"to":[11.0,11.0,11.0],"faces":{"east":{"uv":[3.5,4.0,5.0,5.25],"tintindex":0,"rotation":0,"texture":"#0"},"south":{"uv":[8.0,4.0,9.5,5.25],"tintindex":0,"rotation":0,"texture":"#0"},"north":{"uv":[5.0,4.0,6.5,5.25],"tintindex":0,"rotation":0,"texture":"#0"},"west":{"uv":[6.5,4.0,8.0,5.25],"tintindex":0,"rotation":0,"texture":"#0"},"up":{"uv":[6.5,4.0,5.0,2.5],"tintindex":0,"rotation":0,"texture":"#0"},"down":{"uv":[8.0,2.5,6.5,4.0],"tintindex":0,"rotation":0,"texture":"#0"}}}],"display":{"gui":{"rotation":[30,225,0]}}}