{"textures":{"0":"modelengine:entity/purple"},"elements":[{"from":[7.0,6.0,3.0],"to":[9.0,8.0,8.0],"faces":{"east":{"uv":[0.0,7.5,1.25,8.0],"tintindex":0,"rotation":0,"texture":"#0"},"south":{"uv":[3.0,7.5,3.5,8.0],"tintindex":0,"rotation":0,"texture":"#0"},"north":{"uv":[1.25,7.5,1.75,8.0],"tintindex":0,"rotation":0,"texture":"#0"},"west":{"uv":[1.75,7.5,3.0,8.0],"tintindex":0,"rotation":0,"texture":"#0"},"up":{"uv":[1.75,7.5,1.25,6.25],"tintindex":0,"rotation":0,"texture":"#0"},"down":{"uv":[2.25,6.25,1.75,7.5],"tintindex":0,"rotation":0,"texture":"#0"}}}],"display":{"gui":{"rotation":[30,225,0]}}}