{"textures":{"0":"modelengine:entity/purple"},"elements":[{"from":[7.0,8.0,3.0],"to":[9.0,11.0,8.0],"faces":{"east":{"uv":[2.75,6.5,4.0,7.25],"tintindex":0,"rotation":0,"texture":"#0"},"south":{"uv":[5.75,6.5,6.25,7.25],"tintindex":0,"rotation":0,"texture":"#0"},"north":{"uv":[4.0,6.5,4.5,7.25],"tintindex":0,"rotation":0,"texture":"#0"},"west":{"uv":[4.5,6.5,5.75,7.25],"tintindex":0,"rotation":0,"texture":"#0"},"up":{"uv":[4.5,6.5,4.0,5.25],"tintindex":0,"rotation":0,"texture":"#0"},"down":{"uv":[5.0,5.25,4.5,6.5],"tintindex":0,"rotation":0,"texture":"#0"}}}],"display":{"gui":{"rotation":[30,225,0]}}}