{"textures":{"0":"modelengine:entity/purple"},"elements":[{"from":[7.0,8.0,3.0],"to":[9.0,11.0,8.0],"faces":{"east":{"uv":[5.0,1.25,6.25,2.0],"tintindex":0,"rotation":0,"texture":"#0"},"south":{"uv":[8.0,1.25,8.5,2.0],"tintindex":0,"rotation":0,"texture":"#0"},"north":{"uv":[6.25,1.25,6.75,2.0],"tintindex":0,"rotation":0,"texture":"#0"},"west":{"uv":[6.75,1.25,8.0,2.0],"tintindex":0,"rotation":0,"texture":"#0"},"up":{"uv":[6.75,1.25,6.25,0.0],"tintindex":0,"rotation":0,"texture":"#0"},"down":{"uv":[7.25,0.0,6.75,1.25],"tintindex":0,"rotation":0,"texture":"#0"}}}],"display":{"gui":{"rotation":[30,225,0]}}}