{"textures":{"0":"modelengine:entity/purple"},"elements":[{"from":[4.0,4.0,2.0],"to":[12.0,12.0,12.0],"faces":{"east":{"uv":[0.0,14.0,2.5,16.0],"tintindex":0,"rotation":0,"texture":"#0"},"south":{"uv":[7.0,14.0,9.0,16.0],"tintindex":0,"rotation":0,"texture":"#0"},"north":{"uv":[2.5,14.0,4.5,16.0],"tintindex":0,"rotation":0,"texture":"#0"},"west":{"uv":[4.5,14.0,7.0,16.0],"tintindex":0,"rotation":0,"texture":"#0"},"up":{"uv":[4.5,14.0,2.5,11.5],"tintindex":0,"rotation":0,"texture":"#0"},"down":{"uv":[6.5,11.5,4.5,14.0],"tintindex":0,"rotation":0,"texture":"#0"}}},{"from":[5.0,12.0,4.0],"to":[11.0,17.0,10.0],"faces":{"east":{"uv":[9.75,14.75,11.25,16.0],"tintindex":0,"rotation":0,"texture":"#0"},"south":{"uv":[14.25,14.75,15.75,16.0],"tintindex":0,"rotation":0,"texture":"#0"},"north":{"uv":[11.25,14.75,12.75,16.0],"tintindex":0,"rotation":0,"texture":"#0"},"west":{"uv":[12.75,14.75,14.25,16.0],"tintindex":0,"rotation":0,"texture":"#0"},"up":{"uv":[12.75,14.75,11.25,13.25],"tintindex":0,"rotation":0,"texture":"#0"},"down":{"uv":[14.25,13.25,12.75,14.75],"tintindex":0,"rotation":0,"texture":"#0"}}}],"display":{"gui":{"rotation":[30,225,0]}}}