{"textures":{"0":"modelengine:entity/texture9"},"elements":[{"from":[6.5,5.2611094,6.7122884],"to":[9.5,10.261109,9.712288],"faces":{"east":{"uv":[3.25,4.0,4.0,5.25],"tintindex":0,"rotation":0,"texture":"#0"},"south":{"uv":[5.5,4.0,6.25,5.25],"tintindex":0,"rotation":0,"texture":"#0"},"north":{"uv":[4.0,4.0,4.75,5.25],"tintindex":0,"rotation":0,"texture":"#0"},"west":{"uv":[4.75,4.0,5.5,5.25],"tintindex":0,"rotation":0,"texture":"#0"},"up":{"uv":[4.75,4.0,4.0,3.25],"tintindex":0,"rotation":0,"texture":"#0"},"down":{"uv":[5.5,3.25,4.75,4.0],"tintindex":0,"rotation":0,"texture":"#0"}},"rotation":{"origin":[1.5,5.7611094,13.912289],"angle":0.0,"axis":"x"}}],"display":{"gui":{"rotation":[30,225,0]}}}