{"textures":{"0":"modelengine:entity/goblin"},"elements":[{"from":[3.5,7.0,6.5],"to":[4.0,11.0,7.0],"faces":{"east":{"uv":[12.25,11.0,12.5,12.0],"tintindex":0,"rotation":0,"texture":"#0"},"south":{"uv":[12.25,12.0,12.5,13.0],"tintindex":0,"rotation":0,"texture":"#0"},"north":{"uv":[12.25,8.75,12.5,9.75],"tintindex":0,"rotation":0,"texture":"#0"},"west":{"uv":[0.75,12.5,1.0,13.5],"tintindex":0,"rotation":0,"texture":"#0"},"up":{"uv":[7.75,11.25,7.5,11.0],"tintindex":0,"rotation":0,"texture":"#0"},"down":{"uv":[8.0,11.0,7.75,11.25],"tintindex":0,"rotation":0,"texture":"#0"}}},{"from":[12.0,5.0,7.0],"to":[12.5,11.0,12.0],"faces":{"east":{"uv":[11.5,1.5,12.75,3.0],"tintindex":0,"rotation":0,"texture":"#0"},"south":{"uv":[6.25,11.5,6.5,13.0],"tintindex":0,"rotation":0,"texture":"#0"},"north":{"uv":[6.0,11.25,6.25,12.75],"tintindex":0,"rotation":0,"texture":"#0"},"west":{"uv":[11.5,4.25,12.75,5.75],"tintindex":0,"rotation":0,"texture":"#0"},"up":{"uv":[9.5,13.25,9.25,12.0],"tintindex":0,"rotation":0,"texture":"#0"},"down":{"uv":[6.75,12.25,6.5,13.5],"tintindex":0,"rotation":0,"texture":"#0"}}},{"from":[3.5,5.0,7.0],"to":[4.0,11.0,12.0],"faces":{"east":{"uv":[1.75,11.25,3.0,12.75],"tintindex":0,"rotation":0,"texture":"#0"},"south":{"uv":[3.0,11.25,3.25,12.75],"tintindex":0,"rotation":0,"texture":"#0"},"north":{"uv":[0.75,11.0,1.0,12.5],"tintindex":0,"rotation":0,"texture":"#0"},"west":{"uv":[7.5,11.25,8.75,12.75],"tintindex":0,"rotation":0,"texture":"#0"},"up":{"uv":[11.25,8.0,11.0,6.75],"tintindex":0,"rotation":0,"texture":"#0"},"down":{"uv":[11.5,4.25,11.25,5.5],"tintindex":0,"rotation":0,"texture":"#0"}}},{"from":[12.0,7.0,6.5],"to":[12.5,11.0,7.0],"faces":{"east":{"uv":[6.75,12.25,7.0,13.25],"tintindex":0,"rotation":0,"texture":"#0"},"south":{"uv":[7.0,12.25,7.25,13.25],"tintindex":0,"rotation":0,"texture":"#0"},"north":{"uv":[11.25,0.0,11.5,1.0],"tintindex":0,"rotation":0,"texture":"#0"},"west":{"uv":[7.25,12.25,7.5,13.25],"tintindex":0,"rotation":0,"texture":"#0"},"up":{"uv":[11.25,3.0,11.0,2.75],"tintindex":0,"rotation":0,"texture":"#0"},"down":{"uv":[4.75,11.0,4.5,11.25],"tintindex":0,"rotation":0,"texture":"#0"}}},{"from":[9.1,4.0,5.0],"to":[12.5,7.0,5.5],"faces":{"east":{"uv":[12.5,8.75,12.75,9.5],"tintindex":0,"rotation":0,"texture":"#0"},"south":{"uv":[11.5,9.5,12.25,10.25],"tintindex":0,"rotation":0,"texture":"#0"},"north":{"uv":[11.5,8.75,12.25,9.5],"tintindex":0,"rotation":0,"texture":"#0"},"west":{"uv":[9.5,12.5,9.75,13.25],"tintindex":0,"rotation":0,"texture":"#0"},"up":{"uv":[13.0,10.25,12.25,10.0],"tintindex":0,"rotation":0,"texture":"#0"},"down":{"uv":[13.25,9.5,12.5,9.75],"tintindex":0,"rotation":0,"texture":"#0"}}},{"from":[3.5,11.0,6.5],"to":[12.5,11.5,12.5],"faces":{"east":{"uv":[11.75,6.25,13.25,6.5],"tintindex":0,"rotation":0,"texture":"#0"},"south":{"uv":[11.0,8.5,13.25,8.75],"tintindex":0,"rotation":0,"texture":"#0"},"north":{"uv":[11.0,6.0,13.25,6.25],"tintindex":0,"rotation":0,"texture":"#0"},"west":{"uv":[11.75,6.5,13.25,6.75],"tintindex":0,"rotation":0,"texture":"#0"},"up":{"uv":[12.25,12.5,10.0,11.0],"tintindex":0,"rotation":0,"texture":"#0"},"down":{"uv":[6.0,11.25,3.75,12.75],"tintindex":0,"rotation":0,"texture":"#0"}}},{"from":[3.5,8.5,6.0],"to":[12.5,11.5,6.5],"faces":{"east":{"uv":[1.0,12.5,1.25,13.25],"tintindex":0,"rotation":0,"texture":"#0"},"south":{"uv":[11.25,10.25,13.5,11.0],"tintindex":0,"rotation":0,"texture":"#0"},"north":{"uv":[11.0,3.0,13.25,3.75],"tintindex":0,"rotation":0,"texture":"#0"},"west":{"uv":[1.25,12.5,1.5,13.25],"tintindex":0,"rotation":0,"texture":"#0"},"up":{"uv":[13.5,6.0,11.25,5.75],"tintindex":0,"rotation":0,"texture":"#0"},"down":{"uv":[13.5,8.25,11.25,8.5],"tintindex":0,"rotation":0,"texture":"#0"}}},{"from":[12.0,4.5,5.5],"to":[12.5,7.0,7.0],"faces":{"east":{"uv":[1.0,11.75,1.5,12.5],"tintindex":0,"rotation":0,"texture":"#0"},"south":{"uv":[10.0,12.5,10.25,13.25],"tintindex":0,"rotation":0,"texture":"#0"},"north":{"uv":[9.75,12.5,10.0,13.25],"tintindex":0,"rotation":0,"texture":"#0"},"west":{"uv":[9.5,11.75,10.0,12.5],"tintindex":0,"rotation":0,"texture":"#0"},"up":{"uv":[11.25,5.0,11.0,4.5],"tintindex":0,"rotation":0,"texture":"#0"},"down":{"uv":[11.25,10.25,11.0,10.75],"tintindex":0,"rotation":0,"texture":"#0"}}},{"from":[3.5,4.75,12.0],"to":[12.5,11.0,12.5],"faces":{"east":{"uv":[1.5,11.75,1.75,13.25],"tintindex":0,"rotation":0,"texture":"#0"},"south":{"uv":[11.5,0.0,13.75,1.5],"tintindex":0,"rotation":0,"texture":"#0"},"north":{"uv":[11.25,6.75,13.5,8.25],"tintindex":0,"rotation":0,"texture":"#0"},"west":{"uv":[0.5,12.0,0.75,13.5],"tintindex":0,"rotation":0,"texture":"#0"},"up":{"uv":[14.0,4.0,11.75,3.75],"tintindex":0,"rotation":0,"texture":"#0"},"down":{"uv":[14.0,4.0,11.75,4.25],"tintindex":0,"rotation":0,"texture":"#0"}}},{"from":[3.5,4.0,5.0],"to":[6.9,7.0,5.5],"faces":{"east":{"uv":[3.25,12.5,3.5,13.25],"tintindex":0,"rotation":0,"texture":"#0"},"south":{"uv":[8.75,11.25,9.5,12.0],"tintindex":0,"rotation":0,"texture":"#0"},"north":{"uv":[0.0,11.25,0.75,12.0],"tintindex":0,"rotation":0,"texture":"#0"},"west":{"uv":[3.5,12.5,3.75,13.25],"tintindex":0,"rotation":0,"texture":"#0"},"up":{"uv":[4.5,11.25,3.75,11.0],"tintindex":0,"rotation":0,"texture":"#0"},"down":{"uv":[13.0,9.75,12.25,10.0],"tintindex":0,"rotation":0,"texture":"#0"}}},{"from":[3.5,4.5,5.5],"to":[4.0,7.0,7.0],"faces":{"east":{"uv":[0.0,12.0,0.5,12.75],"tintindex":0,"rotation":0,"texture":"#0"},"south":{"uv":[10.5,12.5,10.75,13.25],"tintindex":0,"rotation":0,"texture":"#0"},"north":{"uv":[10.25,12.5,10.5,13.25],"tintindex":0,"rotation":0,"texture":"#0"},"west":{"uv":[8.75,12.0,9.25,12.75],"tintindex":0,"rotation":0,"texture":"#0"},"up":{"uv":[11.0,13.0,10.75,12.5],"tintindex":0,"rotation":0,"texture":"#0"},"down":{"uv":[11.25,12.5,11.0,13.0],"tintindex":0,"rotation":0,"texture":"#0"}}}],"display":{"gui":{"rotation":[30,225,0]}}}