{"textures":{"0":"modelengine:entity/goblin"},"elements":[{"from":[7.618831,10.5,16.053616],"to":[8.368832,11.9,17.453617],"faces":{"east":{"uv":[8.5,5.75,8.75,6.0],"tintindex":0,"rotation":0,"texture":"#0"},"south":{"uv":[9.75,4.5,10.0,4.75],"tintindex":0,"rotation":0,"texture":"#0"},"north":{"uv":[4.25,2.75,4.5,3.0],"tintindex":0,"rotation":0,"texture":"#0"},"west":{"uv":[4.75,11.0,5.0,11.25],"tintindex":0,"rotation":0,"texture":"#0"},"up":{"uv":[5.25,11.25,5.0,11.0],"tintindex":0,"rotation":0,"texture":"#0"},"down":{"uv":[11.25,5.0,11.0,5.25],"tintindex":0,"rotation":0,"texture":"#0"}},"rotation":{"origin":[7.993831,8.0,13.553617],"angle":45.0,"axis":"x"}},{"from":[7.368831,6.0,5.5536165],"to":[8.618832,10.0,6.5536165],"faces":{"east":{"uv":[1.0,10.75,1.25,11.75],"tintindex":0,"rotation":0,"texture":"#0"},"south":{"uv":[1.25,10.75,1.5,11.75],"tintindex":0,"rotation":0,"texture":"#0"},"north":{"uv":[9.75,10.5,10.0,11.5],"tintindex":0,"rotation":0,"texture":"#0"},"west":{"uv":[1.5,10.75,1.75,11.75],"tintindex":0,"rotation":0,"texture":"#0"},"up":{"uv":[5.75,11.25,5.5,11.0],"tintindex":0,"rotation":0,"texture":"#0"},"down":{"uv":[6.0,11.0,5.75,11.25],"tintindex":0,"rotation":0,"texture":"#0"}}},{"from":[7.618831,7.0,6.5536165],"to":[8.368832,9.0,18.053616],"faces":{"east":{"uv":[6.5,0.75,9.5,1.5],"tintindex":0,"rotation":0,"texture":"#0"},"south":{"uv":[6.5,1.75,6.75,2.25],"tintindex":0,"rotation":0,"texture":"#0"},"north":{"uv":[4.25,2.25,4.5,2.75],"tintindex":0,"rotation":0,"texture":"#0"},"west":{"uv":[6.5,1.0,9.5,1.75],"tintindex":0,"rotation":0,"texture":"#0"},"up":{"uv":[3.5,12.5,3.25,9.5],"tintindex":0,"rotation":0,"texture":"#0"},"down":{"uv":[3.75,9.5,3.5,12.5],"tintindex":0,"rotation":0,"texture":"#0"}}},{"from":[7.618831,7.5,0.5536165],"to":[8.368832,8.5,5.5536165],"faces":{"east":{"uv":[10.5,3.75,11.75,4.0],"tintindex":0,"rotation":0,"texture":"#0"},"south":{"uv":[11.0,5.25,11.25,5.5],"tintindex":0,"rotation":0,"texture":"#0"},"north":{"uv":[5.25,11.0,5.5,11.25],"tintindex":0,"rotation":0,"texture":"#0"},"west":{"uv":[10.5,4.0,11.75,4.25],"tintindex":0,"rotation":0,"texture":"#0"},"up":{"uv":[6.5,11.5,6.25,10.25],"tintindex":0,"rotation":0,"texture":"#0"},"down":{"uv":[9.75,10.5,9.5,11.75],"tintindex":0,"rotation":0,"texture":"#0"}}},{"from":[7.618831,6.75,-0.44638348],"to":[8.368832,8.25,1.0536165],"faces":{"east":{"uv":[8.75,6.75,9.25,7.25],"tintindex":0,"rotation":0,"texture":"#0"},"south":{"uv":[1.75,9.0,2.0,9.5],"tintindex":0,"rotation":0,"texture":"#0"},"north":{"uv":[8.25,4.75,8.5,5.25],"tintindex":0,"rotation":0,"texture":"#0"},"west":{"uv":[10.5,10.25,11.0,10.75],"tintindex":0,"rotation":0,"texture":"#0"},"up":{"uv":[9.25,11.25,9.0,10.75],"tintindex":0,"rotation":0,"texture":"#0"},"down":{"uv":[9.5,10.75,9.25,11.25],"tintindex":0,"rotation":0,"texture":"#0"}},"rotation":{"origin":[7.993831,8.0,-0.19638348],"angle":-45.0,"axis":"x"}}],"display":{"gui":{"rotation":[30,225,0]}}}