{"textures":{"0":"modelengine:entity/mangrove"},"elements":[{"from":[6.0,7.0,2.0],"to":[10.0,8.0,8.0],"faces":{"east":{"uv":[0.0,14.75,1.5,15.0],"tintindex":0,"rotation":0,"texture":"#0"},"south":{"uv":[4.0,14.75,5.0,15.0],"tintindex":0,"rotation":0,"texture":"#0"},"north":{"uv":[1.5,14.75,2.5,15.0],"tintindex":0,"rotation":0,"texture":"#0"},"west":{"uv":[2.5,14.75,4.0,15.0],"tintindex":0,"rotation":0,"texture":"#0"},"up":{"uv":[2.5,14.75,1.5,13.25],"tintindex":0,"rotation":0,"texture":"#0"},"down":{"uv":[3.5,13.25,2.5,14.75],"tintindex":0,"rotation":0,"texture":"#0"}}}],"display":{"gui":{"rotation":[30,225,0]}}}