{"textures":{"0":"modelengine:entity/mangrove"},"elements":[{"from":[5.0,8.0,2.0],"to":[9.0,10.0,8.0],"faces":{"east":{"uv":[0.0,7.25,1.5,7.75],"tintindex":0,"rotation":0,"texture":"#0"},"south":{"uv":[4.0,7.25,5.0,7.75],"tintindex":0,"rotation":0,"texture":"#0"},"north":{"uv":[1.5,7.25,2.5,7.75],"tintindex":0,"rotation":0,"texture":"#0"},"west":{"uv":[2.5,7.25,4.0,7.75],"tintindex":0,"rotation":0,"texture":"#0"},"up":{"uv":[2.5,7.25,1.5,5.75],"tintindex":0,"rotation":0,"texture":"#0"},"down":{"uv":[3.5,5.75,2.5,7.25],"tintindex":0,"rotation":0,"texture":"#0"}}}],"display":{"gui":{"rotation":[30,225,0]}}}