{"textures":{"0":"modelengine:entity/mangrove"},"elements":[{"from":[7.0,8.0,2.0],"to":[11.0,10.0,8.0],"faces":{"east":{"uv":[0.0,10.0,1.5,10.5],"tintindex":0,"rotation":0,"texture":"#0"},"south":{"uv":[4.0,10.0,5.0,10.5],"tintindex":0,"rotation":0,"texture":"#0"},"north":{"uv":[1.5,10.0,2.5,10.5],"tintindex":0,"rotation":0,"texture":"#0"},"west":{"uv":[2.5,10.0,4.0,10.5],"tintindex":0,"rotation":0,"texture":"#0"},"up":{"uv":[2.5,10.0,1.5,8.5],"tintindex":0,"rotation":0,"texture":"#0"},"down":{"uv":[3.5,8.5,2.5,10.0],"tintindex":0,"rotation":0,"texture":"#0"}}}],"display":{"gui":{"rotation":[30,225,0]}}}