{"textures":{"0":"modelengine:entity/terravore_drake"},"elements":[{"from":[4.677243,4.6750174,3.2781916],"to":[11.653864,10.256314,8.161826],"faces":{"east":{"uv":[6.625,2.875,7.0625,3.375],"tintindex":0,"rotation":0,"texture":"#0"},"south":{"uv":[1.0625,5.1875,1.6875,5.6875],"tintindex":0,"rotation":0,"texture":"#0"},"north":{"uv":[5.125,4.25,5.75,4.75],"tintindex":0,"rotation":0,"texture":"#0"},"west":{"uv":[6.75,3.4375,7.1875,3.9375],"tintindex":0,"rotation":0,"texture":"#0"},"up":{"uv":[6.5625,2.0625,5.9375,1.625],"tintindex":0,"rotation":0,"texture":"#0"},"down":{"uv":[6.5625,2.9375,5.9375,3.375],"tintindex":0,"rotation":0,"texture":"#0"}}},{"from":[11.636421,17.854809,11.527711],"to":[11.636421,22.738441,18.504332],"faces":{"east":{"uv":[6.1875,0.0,6.8125,0.4375],"tintindex":0,"rotation":0,"texture":"#0"},"west":{"uv":[6.1875,0.5,6.8125,0.9375],"tintindex":0,"rotation":0,"texture":"#0"}},"rotation":{"origin":[8.165553,6.539328,22.470213],"angle":-45.0,"axis":"x"}},{"from":[1.1889334,11.417929,7.084741],"to":[5.374905,13.510915,9.875389],"faces":{"east":{"uv":[3.25,6.125,3.5,6.3125],"tintindex":0,"rotation":0,"texture":"#0"},"south":{"uv":[8.625,5.0,9.0,5.1875],"tintindex":0,"rotation":0,"texture":"#0"},"north":{"uv":[8.625,4.75,9.0,4.9375],"tintindex":0,"rotation":0,"texture":"#0"},"west":{"uv":[6.375,6.125,6.625,6.3125],"tintindex":0,"rotation":0,"texture":"#0"},"up":{"uv":[5.875,3.1875,5.5,2.9375],"tintindex":0,"rotation":0,"texture":"#0"},"down":{"uv":[8.5625,4.3125,8.1875,4.5625],"tintindex":0,"rotation":0,"texture":"#0"}},"rotation":{"origin":[8.165553,6.539328,22.470213],"angle":-22.5,"axis":"x"}},{"from":[6.7702293,5.501915,-2.5818129],"to":[9.560878,8.990225,2.3018212],"faces":{"east":{"uv":[5.6875,0.75,6.125,1.0625],"tintindex":0,"rotation":0,"texture":"#0"},"south":{"uv":[8.25,1.125,8.5,1.4375],"tintindex":0,"rotation":0,"texture":"#0"},"north":{"uv":[7.6875,8.1875,7.9375,8.5],"tintindex":0,"rotation":0,"texture":"#0"},"west":{"uv":[6.8125,7.6875,7.25,8.0],"tintindex":0,"rotation":0,"texture":"#0"},"up":{"uv":[8.375,7.5,8.125,7.0625],"tintindex":0,"rotation":0,"texture":"#0"},"down":{"uv":[8.375,7.5625,8.125,8.0],"tintindex":0,"rotation":0,"texture":"#0"}}},{"from":[-5.2388763,2.3889904,5.9798098],"to":[-3.8435535,3.7843142,10.863444],"faces":{"east":{"uv":[8.6875,6.6875,9.125,6.8125],"tintindex":0,"rotation":0,"texture":"#0"},"south":{"uv":[6.375,1.4375,6.5,1.5625],"tintindex":0,"rotation":0,"texture":"#0"},"north":{"uv":[4.875,0.5,5.0,0.625],"tintindex":0,"rotation":0,"texture":"#0"},"west":{"uv":[8.6875,6.875,9.125,7.0],"tintindex":0,"rotation":0,"texture":"#0"},"up":{"uv":[2.625,3.5,2.5,3.0625],"tintindex":0,"rotation":0,"texture":"#0"},"down":{"uv":[3.375,3.6875,3.25,4.125],"tintindex":0,"rotation":0,"texture":"#0"}},"rotation":{"origin":[8.165553,6.539328,22.470213],"angle":-22.5,"axis":"y"}},{"from":[9.909708,15.550058,5.078486],"to":[12.002695,16.422138,8.043549],"faces":{"east":{"uv":[3.5625,5.625,3.8125,5.6875],"tintindex":0,"rotation":0,"texture":"#0"},"south":{"uv":[7.25,4.4375,7.4375,4.5],"tintindex":0,"rotation":0,"texture":"#0"},"north":{"uv":[6.875,5.625,7.0625,5.6875],"tintindex":0,"rotation":0,"texture":"#0"},"west":{"uv":[6.25,5.25,6.5,5.3125],"tintindex":0,"rotation":0,"texture":"#0"},"up":{"uv":[7.1875,5.1875,7.0,4.9375],"tintindex":0,"rotation":0,"texture":"#0"},"down":{"uv":[7.9375,2.5,7.75,2.75],"tintindex":0,"rotation":0,"texture":"#0"}},"rotation":{"origin":[8.165553,6.539328,22.470213],"angle":-22.5,"axis":"x"}},{"from":[13.1392,-4.980299,3.4653091],"to":[14.534524,-3.5849743,7.651282],"faces":{"east":{"uv":[8.8125,5.5,9.1875,5.625],"tintindex":0,"rotation":0,"texture":"#0"},"south":{"uv":[9.125,7.25,9.25,7.375],"tintindex":0,"rotation":0,"texture":"#0"},"north":{"uv":[9.125,7.0625,9.25,7.1875],"tintindex":0,"rotation":0,"texture":"#0"},"west":{"uv":[8.8125,5.6875,9.1875,5.8125],"tintindex":0,"rotation":0,"texture":"#0"},"up":{"uv":[4.3125,9.1875,4.1875,8.8125],"tintindex":0,"rotation":0,"texture":"#0"},"down":{"uv":[4.5,8.8125,4.375,9.1875],"tintindex":0,"rotation":0,"texture":"#0"}},"rotation":{"origin":[8.165553,6.539328,22.470213],"angle":45.0,"axis":"x"}},{"from":[1.7965832,-4.980299,3.4653091],"to":[3.1919065,-3.5849743,7.651282],"faces":{"east":{"uv":[1.0625,8.75,1.4375,8.875],"tintindex":0,"rotation":0,"texture":"#0"},"south":{"uv":[2.6875,9.125,2.8125,9.25],"tintindex":0,"rotation":0,"texture":"#0"},"north":{"uv":[9.0,4.0,9.125,4.125],"tintindex":0,"rotation":0,"texture":"#0"},"west":{"uv":[8.75,8.625,9.125,8.75],"tintindex":0,"rotation":0,"texture":"#0"},"up":{"uv":[6.5625,9.125,6.4375,8.75],"tintindex":0,"rotation":0,"texture":"#0"},"down":{"uv":[0.375,8.8125,0.25,9.1875],"tintindex":0,"rotation":0,"texture":"#0"}},"rotation":{"origin":[8.165553,6.539328,22.470213],"angle":45.0,"axis":"x"}},{"from":[10.956202,11.417929,7.084741],"to":[15.142174,13.510915,9.875389],"faces":{"east":{"uv":[7.8125,1.75,8.0625,1.9375],"tintindex":0,"rotation":0,"texture":"#0"},"south":{"uv":[8.6875,5.25,9.0625,5.4375],"tintindex":0,"rotation":0,"texture":"#0"},"north":{"uv":[8.6875,1.375,9.0625,1.5625],"tintindex":0,"rotation":0,"texture":"#0"},"west":{"uv":[3.875,8.8125,4.125,9.0],"tintindex":0,"rotation":0,"texture":"#0"},"up":{"uv":[8.5625,4.875,8.1875,4.625],"tintindex":0,"rotation":0,"texture":"#0"},"down":{"uv":[8.5625,4.9375,8.1875,5.1875],"tintindex":0,"rotation":0,"texture":"#0"}},"rotation":{"origin":[8.165553,6.539328,22.470213],"angle":-22.5,"axis":"x"}},{"from":[-0.9033356,4.4208317,9.6334],"to":[-0.9033356,10.002129,16.610022],"faces":{"east":{"uv":[5.25,1.8125,5.875,2.3125],"tintindex":0,"rotation":0,"texture":"#0"},"west":{"uv":[5.25,3.25,5.875,3.75],"tintindex":0,"rotation":0,"texture":"#0"}},"rotation":{"origin":[8.165553,6.539328,22.470213],"angle":-22.5,"axis":"y"}},{"from":[4.328412,15.550058,5.078486],"to":[6.421398,16.422138,8.043549],"faces":{"east":{"uv":[3.1875,0.5625,3.4375,0.625],"tintindex":0,"rotation":0,"texture":"#0"},"south":{"uv":[6.625,5.625,6.8125,5.6875],"tintindex":0,"rotation":0,"texture":"#0"},"north":{"uv":[1.75,2.9375,1.9375,3.0],"tintindex":0,"rotation":0,"texture":"#0"},"west":{"uv":[4.3125,3.4375,4.5625,3.5],"tintindex":0,"rotation":0,"texture":"#0"},"up":{"uv":[1.0625,2.4375,0.875,2.1875],"tintindex":0,"rotation":0,"texture":"#0"},"down":{"uv":[4.25,2.6875,4.0625,2.9375],"tintindex":0,"rotation":0,"texture":"#0"}},"rotation":{"origin":[8.165553,6.539328,22.470213],"angle":-22.5,"axis":"x"}},{"from":[5.7237363,14.085539,1.799263],"to":[10.60737,16.876188,6.6828966],"faces":{"east":{"uv":[8.0625,5.5,8.5,5.75],"tintindex":0,"rotation":0,"texture":"#0"},"south":{"uv":[6.8125,8.0625,7.25,8.3125],"tintindex":0,"rotation":0,"texture":"#0"},"north":{"uv":[8.0625,4.0,8.5,4.25],"tintindex":0,"rotation":0,"texture":"#0"},"west":{"uv":[8.125,1.75,8.5625,2.0],"tintindex":0,"rotation":0,"texture":"#0"},"up":{"uv":[0.4375,5.5625,0.0,5.125],"tintindex":0,"rotation":0,"texture":"#0"},"down":{"uv":[7.5625,2.8125,7.125,3.25],"tintindex":0,"rotation":0,"texture":"#0"}},"rotation":{"origin":[8.165553,6.539328,22.470213],"angle":-22.5,"axis":"x"}},{"from":[8.165553,15.373245,2.5773096],"to":[8.165553,20.95454,11.646917],"faces":{"east":{"uv":[3.1875,0.0,4.0,0.5],"tintindex":0,"rotation":0,"texture":"#0"},"west":{"uv":[3.4375,3.0,4.25,3.5],"tintindex":0,"rotation":0,"texture":"#0"}},"rotation":{"origin":[8.165553,6.539328,22.470213],"angle":-22.5,"axis":"x"}},{"from":[4.328412,4.326186,2.9293618],"to":[12.002695,10.605145,8.510657],"faces":{"east":{"uv":[3.5625,5.75,4.0625,6.3125],"tintindex":0,"rotation":0,"texture":"#0"},"south":{"uv":[1.375,3.8125,2.0625,4.375],"tintindex":0,"rotation":0,"texture":"#0"},"north":{"uv":[2.5,3.6875,3.1875,4.25],"tintindex":0,"rotation":0,"texture":"#0"},"west":{"uv":[4.125,5.75,4.625,6.3125],"tintindex":0,"rotation":0,"texture":"#0"},"up":{"uv":[3.9375,4.75,3.25,4.25],"tintindex":0,"rotation":0,"texture":"#0"},"down":{"uv":[2.8125,4.3125,2.125,4.8125],"tintindex":0,"rotation":0,"texture":"#0"}}},{"from":[4.6946845,17.854809,11.527711],"to":[4.6946845,22.738441,18.504332],"faces":{"east":{"uv":[0.0,6.0,0.625,6.4375],"tintindex":0,"rotation":0,"texture":"#0"},"west":{"uv":[2.5625,6.125,3.1875,6.5625],"tintindex":0,"rotation":0,"texture":"#0"}},"rotation":{"origin":[8.165553,6.539328,22.470213],"angle":-45.0,"axis":"x"}},{"from":[20.17466,2.3889904,5.9798098],"to":[21.569983,3.7843142,10.863444],"faces":{"east":{"uv":[8.25,8.6875,8.6875,8.8125],"tintindex":0,"rotation":0,"texture":"#0"},"south":{"uv":[9.125,4.375,9.25,4.5],"tintindex":0,"rotation":0,"texture":"#0"},"north":{"uv":[9.125,4.1875,9.25,4.3125],"tintindex":0,"rotation":0,"texture":"#0"},"west":{"uv":[8.6875,8.4375,9.125,8.5625],"tintindex":0,"rotation":0,"texture":"#0"},"up":{"uv":[7.0625,9.0625,6.9375,8.625],"tintindex":0,"rotation":0,"texture":"#0"},"down":{"uv":[2.625,8.6875,2.5,9.125],"tintindex":0,"rotation":0,"texture":"#0"}},"rotation":{"origin":[8.165553,6.539328,22.470213],"angle":22.5,"axis":"y"}},{"from":[15.992768,8.667949,5.005362],"to":[17.388092,10.063272,9.888996],"faces":{"east":{"uv":[8.6875,7.5625,9.125,7.6875],"tintindex":0,"rotation":0,"texture":"#0"},"south":{"uv":[1.3125,8.9375,1.4375,9.0625],"tintindex":0,"rotation":0,"texture":"#0"},"north":{"uv":[3.1875,8.875,3.3125,9.0],"tintindex":0,"rotation":0,"texture":"#0"},"west":{"uv":[8.6875,7.75,9.125,7.875],"tintindex":0,"rotation":0,"texture":"#0"},"up":{"uv":[4.1875,0.4375,4.0625,0.0],"tintindex":0,"rotation":0,"texture":"#0"},"down":{"uv":[2.8125,4.875,2.6875,5.3125],"tintindex":0,"rotation":0,"texture":"#0"}},"rotation":{"origin":[8.165553,6.539328,22.470213],"angle":45.0,"axis":"y"}},{"from":[6.421398,5.153084,-2.930644],"to":[9.909708,9.339056,2.6506524],"faces":{"east":{"uv":[4.25,7.125,4.75,7.5],"tintindex":0,"rotation":0,"texture":"#0"},"south":{"uv":[6.4375,7.875,6.75,8.25],"tintindex":0,"rotation":0,"texture":"#0"},"north":{"uv":[7.8125,5.0625,8.125,5.4375],"tintindex":0,"rotation":0,"texture":"#0"},"west":{"uv":[4.8125,7.125,5.3125,7.5],"tintindex":0,"rotation":0,"texture":"#0"},"up":{"uv":[1.6875,3.75,1.375,3.25],"tintindex":0,"rotation":0,"texture":"#0"},"down":{"uv":[5.0,7.5625,4.6875,8.0625],"tintindex":0,"rotation":0,"texture":"#0"}}},{"from":[13.133591,-10.611176,6.8886347],"to":[14.528914,-9.215851,11.074608],"faces":{"east":{"uv":[8.8125,3.375,9.1875,3.5],"tintindex":0,"rotation":0,"texture":"#0"},"south":{"uv":[3.625,9.125,3.75,9.25],"tintindex":0,"rotation":0,"texture":"#0"},"north":{"uv":[2.875,9.125,3.0,9.25],"tintindex":0,"rotation":0,"texture":"#0"},"west":{"uv":[8.8125,3.5625,9.1875,3.6875],"tintindex":0,"rotation":0,"texture":"#0"},"up":{"uv":[0.5625,9.1875,0.4375,8.8125],"tintindex":0,"rotation":0,"texture":"#0"},"down":{"uv":[8.9375,3.75,8.8125,4.125],"tintindex":0,"rotation":0,"texture":"#0"}},"rotation":{"origin":[8.165553,6.539328,22.470213],"angle":45.0,"axis":"x"}},{"from":[1.8021927,-10.611176,6.8886347],"to":[3.197516,-9.215851,11.074608],"faces":{"east":{"uv":[8.75,0.375,9.125,0.5],"tintindex":0,"rotation":0,"texture":"#0"},"south":{"uv":[3.0625,8.0,3.1875,8.125],"tintindex":0,"rotation":0,"texture":"#0"},"north":{"uv":[7.625,0.75,7.75,0.875],"tintindex":0,"rotation":0,"texture":"#0"},"west":{"uv":[8.75,0.5625,9.125,0.6875],"tintindex":0,"rotation":0,"texture":"#0"},"up":{"uv":[0.8125,9.125,0.6875,8.75],"tintindex":0,"rotation":0,"texture":"#0"},"down":{"uv":[1.0,8.75,0.875,9.125],"tintindex":0,"rotation":0,"texture":"#0"}},"rotation":{"origin":[8.165553,6.539328,22.470213],"angle":45.0,"axis":"x"}},{"from":[14.444511,-2.949749,7.749292],"to":[16.537498,1.2362232,9.842278],"faces":{"east":{"uv":[2.0,8.6875,2.1875,9.0625],"tintindex":0,"rotation":0,"texture":"#0"},"south":{"uv":[2.25,8.6875,2.4375,9.0625],"tintindex":0,"rotation":0,"texture":"#0"},"north":{"uv":[1.75,8.6875,1.9375,9.0625],"tintindex":0,"rotation":0,"texture":"#0"},"west":{"uv":[8.6875,2.9375,8.875,3.3125],"tintindex":0,"rotation":0,"texture":"#0"},"up":{"uv":[9.3125,2.4375,9.125,2.25],"tintindex":0,"rotation":0,"texture":"#0"},"down":{"uv":[9.3125,2.5,9.125,2.6875],"tintindex":0,"rotation":0,"texture":"#0"}},"rotation":{"origin":[8.165553,6.539328,22.470213],"angle":22.5,"axis":"x"}},{"from":[-0.20639038,-2.949749,7.749292],"to":[1.8865952,1.2362232,9.842278],"faces":{"east":{"uv":[6.1875,8.625,6.375,9.0],"tintindex":0,"rotation":0,"texture":"#0"},"south":{"uv":[6.6875,8.625,6.875,9.0],"tintindex":0,"rotation":0,"texture":"#0"},"north":{"uv":[4.5625,8.625,4.75,9.0],"tintindex":0,"rotation":0,"texture":"#0"},"west":{"uv":[1.5,8.6875,1.6875,9.0625],"tintindex":0,"rotation":0,"texture":"#0"},"up":{"uv":[2.0,9.3125,1.8125,9.125],"tintindex":0,"rotation":0,"texture":"#0"},"down":{"uv":[2.25,9.125,2.0625,9.3125],"tintindex":0,"rotation":0,"texture":"#0"}},"rotation":{"origin":[8.165553,6.539328,22.470213],"angle":22.5,"axis":"x"}},{"from":[-1.0569859,8.667949,5.005362],"to":[0.33833885,10.063272,9.888996],"faces":{"east":{"uv":[8.75,0.0,9.1875,0.125],"tintindex":0,"rotation":0,"texture":"#0"},"south":{"uv":[6.875,9.125,7.0,9.25],"tintindex":0,"rotation":0,"texture":"#0"},"north":{"uv":[9.125,5.1875,9.25,5.3125],"tintindex":0,"rotation":0,"texture":"#0"},"west":{"uv":[8.75,0.1875,9.1875,0.3125],"tintindex":0,"rotation":0,"texture":"#0"},"up":{"uv":[5.9375,9.125,5.8125,8.6875],"tintindex":0,"rotation":0,"texture":"#0"},"down":{"uv":[6.125,8.6875,6.0,9.125],"tintindex":0,"rotation":0,"texture":"#0"}},"rotation":{"origin":[8.165553,6.539328,22.470213],"angle":-45.0,"axis":"y"}}],"display":{"gui":{"rotation":[30,225,0]}}}