{"textures":{"0":"modelengine:entity/terravore_drake"},"elements":[{"from":[1.482357,4.938981,-4.1991177],"to":[1.482357,8.078461,-1.059639],"faces":{"east":{"uv":[8.9375,2.0,9.125,2.1875],"tintindex":0,"rotation":0,"texture":"#0"},"west":{"uv":[8.9375,2.8125,9.125,3.0],"tintindex":0,"rotation":0,"texture":"#0"}},"rotation":{"origin":[16.013796,18.116804,-5.961692],"angle":22.5,"axis":"y"}},{"from":[8.0,4.912819,-0.13091278],"to":[8.0,8.052298,3.0085669],"faces":{"east":{"uv":[8.25,8.875,8.4375,9.0625],"tintindex":0,"rotation":0,"texture":"#0"},"west":{"uv":[8.5,8.875,8.6875,9.0625],"tintindex":0,"rotation":0,"texture":"#0"}}},{"from":[14.1679325,4.938981,5.0738554],"to":[17.307411,8.078461,11.352814],"faces":{"east":{"uv":[8.3125,0.5,8.6875,0.6875],"tintindex":0,"rotation":0,"texture":"#0"},"south":{"uv":[8.875,7.0625,9.0625,7.25],"tintindex":0,"rotation":0,"texture":"#0"},"north":{"uv":[8.875,4.4375,9.0625,4.625],"tintindex":0,"rotation":0,"texture":"#0"},"west":{"uv":[8.375,3.375,8.75,3.5625],"tintindex":0,"rotation":0,"texture":"#0"},"up":{"uv":[1.4375,8.6875,1.25,8.3125],"tintindex":0,"rotation":0,"texture":"#0"},"down":{"uv":[6.625,8.3125,6.4375,8.6875],"tintindex":0,"rotation":0,"texture":"#0"}},"rotation":{"origin":[16.013796,18.116804,-5.961692],"angle":-22.5,"axis":"y"}},{"from":[15.737671,4.938981,1.9343758],"to":[15.737671,8.078461,5.0738554],"faces":{"east":{"uv":[8.875,7.3125,9.0625,7.5],"tintindex":0,"rotation":0,"texture":"#0"},"west":{"uv":[8.0,8.875,8.1875,9.0625],"tintindex":0,"rotation":0,"texture":"#0"}},"rotation":{"origin":[16.013796,18.116804,-5.961692],"angle":-22.5,"axis":"y"}},{"from":[6.4302607,4.912819,3.0085669],"to":[9.56974,8.052298,9.287525],"faces":{"east":{"uv":[8.375,3.625,8.75,3.8125],"tintindex":0,"rotation":0,"texture":"#0"},"south":{"uv":[1.0625,8.9375,1.25,9.125],"tintindex":0,"rotation":0,"texture":"#0"},"north":{"uv":[8.9375,0.75,9.125,0.9375],"tintindex":0,"rotation":0,"texture":"#0"},"west":{"uv":[6.6875,8.375,7.0625,8.5625],"tintindex":0,"rotation":0,"texture":"#0"},"up":{"uv":[4.0625,8.75,3.875,8.375],"tintindex":0,"rotation":0,"texture":"#0"},"down":{"uv":[7.3125,8.375,7.125,8.75],"tintindex":0,"rotation":0,"texture":"#0"}}},{"from":[-0.08738327,4.938981,-1.059639],"to":[3.0520964,8.078461,5.2193193],"faces":{"east":{"uv":[1.8125,8.4375,2.1875,8.625],"tintindex":0,"rotation":0,"texture":"#0"},"south":{"uv":[4.9375,8.9375,5.125,9.125],"tintindex":0,"rotation":0,"texture":"#0"},"north":{"uv":[8.9375,3.0625,9.125,3.25],"tintindex":0,"rotation":0,"texture":"#0"},"west":{"uv":[2.25,8.4375,2.625,8.625],"tintindex":0,"rotation":0,"texture":"#0"},"up":{"uv":[7.5625,8.75,7.375,8.375],"tintindex":0,"rotation":0,"texture":"#0"},"down":{"uv":[0.1875,8.4375,0.0,8.8125],"tintindex":0,"rotation":0,"texture":"#0"}},"rotation":{"origin":[16.013796,18.116804,-5.961692],"angle":22.5,"axis":"y"}}],"display":{"gui":{"rotation":[30,225,0]}}}