{"credit":"Made by samus2002","textures":{"0":"dragon_warrior:dragon_warrior_texture/dragon_dash_charge2","1":"dragon_warrior:dragon_warrior_texture/dragon_dash_charge2_2","particle":"dragon_warrior:dragon_warrior_texture/dragon_dash_charge2"},"elements":[{"from":[-10.5,-10.5,8],"to":[30.5,30.5,8],"rotation":{"angle":0,"axis":"y","origin":[10,8,8]},"faces":{"north":{"uv":[0,0,16,16],"texture":"#0"},"east":{"uv":[0,0,0,16],"texture":"#0"},"south":{"uv":[16,0,0,16],"texture":"#0"},"west":{"uv":[0,0,0,16],"texture":"#0"},"up":{"uv":[0,0,16,0],"texture":"#0"},"down":{"uv":[0,0,16,0],"texture":"#0"}}},{"from":[8.5,-15.5,-11.25],"to":[8.5,25.5,29.75],"rotation":{"angle":0,"axis":"y","origin":[8,8,9.25]},"faces":{"north":{"uv":[0,0,0,16],"rotation":180,"texture":"#1"},"east":{"uv":[16,0,0,16],"rotation":180,"texture":"#1"},"south":{"uv":[0,0,0,16],"rotation":180,"texture":"#1"},"west":{"uv":[0,0,16,16],"rotation":180,"texture":"#1"},"up":{"uv":[16,0,0,0],"rotation":270,"texture":"#1"},"down":{"uv":[16,0,0,0],"rotation":90,"texture":"#1"}}}],"display":{"thirdperson_righthand":{"rotation":[90,45,0],"translation":[-6.5,-1.5,-27.5],"scale":[3,3,3]}}}