{"credit":"Made by samus2002","textures":{"0":"dragon_warrior:dragon_warrior_texture/dragon_spin2","1":"dragon_warrior:dragon_warrior_texture/dragon_spin2_2","particle":"dragon_warrior:dragon_warrior_texture/dragon_spin2"},"elements":[{"from":[-12.5,-12.5,8.25],"to":[28.5,28.5,8.25],"rotation":{"angle":0,"axis":"y","origin":[8,8,8.5]},"faces":{"north":{"uv":[0,0,16,16],"texture":"#0"},"east":{"uv":[0,0,0,16],"texture":"#0"},"south":{"uv":[16,0,0,16],"texture":"#0"},"west":{"uv":[0,0,0,16],"texture":"#0"},"up":{"uv":[0,0,16,0],"texture":"#0"},"down":{"uv":[0,0,16,0],"texture":"#0"}}},{"from":[-12.5,-12.5,8.75],"to":[28.5,28.5,8.75],"rotation":{"angle":0,"axis":"y","origin":[8,8,7.5]},"faces":{"north":{"uv":[0,0,16,16],"texture":"#0"},"east":{"uv":[0,0,0,16],"texture":"#0"},"south":{"uv":[16,0,0,16],"texture":"#0"},"west":{"uv":[0,0,0,16],"texture":"#0"},"up":{"uv":[0,0,16,0],"texture":"#0"},"down":{"uv":[0,0,16,0],"texture":"#0"}}},{"from":[-12.5,-12.5,8.5],"to":[28.5,28.5,8.5],"rotation":{"angle":-22.5,"axis":"z","origin":[8,8,8.5]},"faces":{"north":{"uv":[0,0,16,16],"rotation":90,"texture":"#1"},"east":{"uv":[0,0,16,0],"rotation":270,"texture":"#1"},"south":{"uv":[16,0,0,16],"rotation":270,"texture":"#1"},"west":{"uv":[0,0,16,0],"rotation":270,"texture":"#1"},"up":{"uv":[0,0,0,16],"rotation":270,"texture":"#1"},"down":{"uv":[0,0,0,16],"rotation":270,"texture":"#1"}}}],"display":{"thirdperson_righthand":{"rotation":[90,90,90],"translation":[-6.75,0,5.25],"scale":[3,3,3]},"head":{"rotation":[0,90,0],"translation":[0,-80,-2.5],"scale":[4,4,4]}}}