{
    "providers": [
        {
            "type": "bitmap", 
            "file": "minecraft:default/pixel.png",
            "ascent": -2000,
            "height": -3,
            "chars": ["₴"]
        },
        {
            "type": "bitmap",
            "file": "minecraft:menu/menu.png",
            "ascent": 20,
            "height": 140,
            "chars": ["☀"]
        },
        {
            "type": "bitmap",
            "file": "minecraft:menu/games.png",
            "ascent": 20,
            "height": 140,
            "chars": ["⏅"]
        },
        {
            "type": "bitmap",
            "file": "minecraft:menu/warps.png",
            "ascent": 20,
            "height": 140,
            "chars": ["⁌"]
        },
        {
            "type": "bitmap",
            "file": "minecraft:menu/warps_my.png",
            "ascent": 20,
            "height": 140,
            "chars": ["▶"]
        },
        {
            "type": "bitmap",
            "file": "minecraft:menu/warps_editor.png",
            "ascent": 20,
            "height": 140,
            "chars": ["☒"]
        },



        {
            "type": "bitmap",
            "file": "minecraft:icon/right_click.png",
            "ascent": 20,
            "height": 6,
            "chars": ["⌘"]
        },
        {
            "type": "bitmap",
            "file": "minecraft:icon/right_click.png",
            "ascent": 20,
            "height": 6,
            "chars": ["⎋"]
        }
    ]
}
