{
    "providers": [
        {
            "type": "bitmap", 
            "file": "minecraft:default/pixel.png",
            "ascent": -2000,
            "height": -3,
            "chars": ["₴"]
        },
        {
            "type": "bitmap",
            "file": "minecraft:menu/menu.png",
            "ascent": 20,
            "height": 140,
            "chars": ["☀"]
        },
        {
            "type": "bitmap",
            "file": "minecraft:menu/games.png",
            "ascent": 20,
            "height": 140,
            "chars": ["⏅"]
        }
    ]
}
