{"providers":[{"file":"char/black.png","chars":[""],"height":1,"ascent":-5000,"type":"bitmap"},{"file":"char/black.png","chars":[""],"height":2,"ascent":-5000,"type":"bitmap"},{"file":"char/black.png","chars":[""],"height":3,"ascent":-5000,"type":"bitmap"},{"file":"char/black.png","chars":[""],"height":4,"ascent":-5000,"type":"bitmap"},{"file":"char/black.png","chars":[""],"height":5,"ascent":-5000,"type":"bitmap"},{"file":"char/black.png","chars":[""],"height":6,"ascent":-5000,"type":"bitmap"},{"file":"char/black.png","chars":[""],"height":7,"ascent":-5000,"type":"bitmap"},{"file":"char/black.png","chars":[""],"height":15,"ascent":-5000,"type":"bitmap"},{"file":"char/black.png","chars":[""],"height":31,"ascent":-5000,"type":"bitmap"},{"file":"char/black.png","chars":[""],"height":63,"ascent":-5000,"type":"bitmap"},{"file":"char/black.png","chars":[""],"height":127,"ascent":-5000,"type":"bitmap"},{"file":"char/black.png","chars":[""],"height":256,"ascent":-5000,"type":"bitmap"},{"file":"char/black.png","chars":[""],"height":512,"ascent":-5000,"type":"bitmap"},{"file":"char/black.png","chars":[""],"height":1024,"ascent":-5000,"type":"bitmap"},{"file":"char/black.png","chars":[""],"height":-3,"ascent":-5000,"type":"bitmap"},{"file":"char/black.png","chars":[""],"height":-4,"ascent":-5000,"type":"bitmap"},{"file":"char/black.png","chars":[""],"height":-5,"ascent":-5000,"type":"bitmap"},{"file":"char/black.png","chars":[""],"height":-6,"ascent":-5000,"type":"bitmap"},{"file":"char/black.png","chars":[""],"height":-7,"ascent":-5000,"type":"bitmap"},{"file":"char/black.png","chars":[""],"height":-8,"ascent":-5000,"type":"bitmap"},{"file":"char/black.png","chars":[""],"height":-9,"ascent":-5000,"type":"bitmap"},{"file":"char/black.png","chars":[""],"height":-10,"ascent":-5000,"type":"bitmap"},{"file":"char/black.png","chars":[""],"height":-18,"ascent":-5000,"type":"bitmap"},{"file":"char/black.png","chars":[""],"height":-34,"ascent":-5000,"type":"bitmap"},{"file":"char/black.png","chars":[""],"height":-66,"ascent":-5000,"type":"bitmap"},{"file":"char/black.png","chars":[""],"height":-130,"ascent":-5000,"type":"bitmap"},{"file":"char/black.png","chars":[""],"height":-259,"ascent":-5000,"type":"bitmap"},{"file":"char/black.png","chars":[""],"height":-515,"ascent":-5000,"type":"bitmap"},{"file":"char/black.png","chars":[""],"height":-1027,"ascent":-5000,"type":"bitmap"},{"file":"_iainternal:gui/no_recipe.png","chars":[""],"height":9,"ascent":47,"type":"bitmap"},{"file":"_iainternal:gui/crafting.png","chars":[""],"height":9,"ascent":47,"type":"bitmap"},{"file":"_iainternal:gui/cooking.png","chars":[""],"height":9,"ascent":47,"type":"bitmap"},{"file":"_iainternal:gui/blank_menu.png","chars":[""],"height":9,"ascent":47,"type":"bitmap"},{"file":"_iainternal:gui/anvil_repair.png","chars":[""],"height":9,"ascent":47,"type":"bitmap"},{"file":"_iainternal:gui/smithing.png","chars":[""],"height":9,"ascent":47,"type":"bitmap"},{"type":"bitmap","file":"minecraft:default/pixel.png","ascent":-2000,"height":-3,"chars":["₴"]},{"type":"bitmap","file":"minecraft:menu/menu.png","ascent":20,"height":140,"chars":["☀"]},{"type":"bitmap","file":"minecraft:menu/games.png","ascent":20,"height":140,"chars":["⏅"]},{"type":"bitmap","file":"minecraft:menu/games_room.png","ascent":20,"height":140,"chars":["㉿"]},{"type":"bitmap","file":"minecraft:menu/games_room_map_selector.png","ascent":20,"height":140,"chars":[""]},{"type":"bitmap","file":"minecraft:menu/warps.png","ascent":20,"height":140,"chars":["⁌"]},{"type":"bitmap","file":"minecraft:menu/warps_my.png","ascent":20,"height":140,"chars":["▶"]},{"type":"bitmap","file":"minecraft:menu/warps_editor.png","ascent":20,"height":140,"chars":["☒"]},{"type":"bitmap","file":"minecraft:menu/teleport.png","ascent":20,"height":140,"chars":["✳"]},{"type":"bitmap","file":"minecraft:menu/smp.png","ascent":20,"height":140,"chars":["✼"]},{"type":"bitmap","file":"minecraft:menu/deliveries.png","ascent":20,"height":140,"chars":["✿"]},{"type":"bitmap","file":"minecraft:menu/deliveries_pick_player.png","ascent":20,"height":140,"chars":["✆"]},{"type":"bitmap","file":"minecraft:menu/deliveries_add_items.png","ascent":20,"height":140,"chars":["☎"]},{"type":"bitmap","file":"minecraft:menu/chestshops.png","ascent":20,"height":140,"chars":["⚡"]},{"type":"bitmap","file":"minecraft:menu/bed_wars_shop.png","ascent":20,"height":140,"chars":["钫"]},{"type":"bitmap","file":"minecraft:menu/bed_wars_upgrades.png","ascent":20,"height":140,"chars":["钻"]},{"type":"bitmap","file":"minecraft:menu/bed_wars_team_selector.png","ascent":20,"height":140,"chars":["钾"]},{"type":"bitmap","file":"minecraft:icon/right_click.png","ascent":8,"height":8,"chars":["⌘"]},{"type":"bitmap","file":"minecraft:icon/left_click.png","ascent":8,"height":8,"chars":["⎋"]},{"type":"bitmap","file":"minecraft:guis/pixel.png","ascent":-2000,"height":-3,"chars":["七"]},{"type":"bitmap","file":"minecraft:guis/jobsgui2/miner.png","ascent":13,"height":129,"chars":["ㇺ"]},{"type":"bitmap","file":"minecraft:guis/jobsgui2/digger.png","ascent":13,"height":129,"chars":["ㇻ"]},{"type":"bitmap","file":"minecraft:guis/jobsgui2/woodcutter.png","ascent":13,"height":129,"chars":["ㇼ"]},{"type":"bitmap","file":"minecraft:guis/jobsgui2/farmer.png","ascent":13,"height":129,"chars":["ㇽ"]},{"type":"bitmap","file":"minecraft:guis/jobsgui2/hunter.png","ascent":13,"height":129,"chars":["ァ"]},{"type":"bitmap","file":"minecraft:guis/jobsgui2/fisher.png","ascent":13,"height":129,"chars":["ㇾ"]},{"type":"bitmap","file":"minecraft:guis/jobsgui2/builder.png","ascent":13,"height":129,"chars":["ㇿ"]},{"type":"bitmap","file":"minecraft:guis/jobsgui2/click.png","ascent":10,"height":13,"chars":["ㇶ"]}]}