{"textures":{"0":"modelengine:entity/celestial_thunderlord"},"elements":[{"from":[3.3821654,10.78933,-13.967827],"to":[5.2301655,12.637331,-11.195829],"faces":{"east":{"uv":[3.9375,5.125,4.03125,5.1875],"tintindex":0,"rotation":0,"texture":"#0"},"south":{"uv":[8.46875,8.15625,8.53125,8.21875],"tintindex":0,"rotation":0,"texture":"#0"},"north":{"uv":[8.46875,8.0625,8.53125,8.125],"tintindex":0,"rotation":0,"texture":"#0"},"west":{"uv":[5.53125,1.09375,5.625,1.15625],"tintindex":0,"rotation":0,"texture":"#0"},"up":{"uv":[1.03125,8.21875,0.96875,8.125],"tintindex":0,"rotation":0,"texture":"#0"},"down":{"uv":[8.5,3.5625,8.4375,3.65625],"tintindex":0,"rotation":0,"texture":"#0"}}},{"from":[13.546165,-2.8249893,-2.5602903],"to":[13.546165,1.7950101,5.755707],"faces":{"east":{"uv":[3.15625,8.0625,2.875,8.21875],"tintindex":0,"rotation":0,"texture":"#0"},"west":{"uv":[2.875,8.0625,3.15625,8.21875],"tintindex":0,"rotation":0,"texture":"#0"}},"rotation":{"origin":[10.312166,4.783329,-2.8270798],"angle":-22.5,"axis":"x"}},{"from":[0.6101656,3.2043953,2.2544327],"to":[15.394166,14.292396,10.570435],"faces":{"east":{"uv":[7.15625,2.875,7.4375,3.25],"tintindex":0,"rotation":0,"texture":"#0"},"south":{"uv":[6.0625,3.03125,6.5625,2.65625],"tintindex":0,"rotation":0,"texture":"#0"},"north":{"uv":[6.0625,2.65625,6.5625,3.03125],"tintindex":0,"rotation":0,"texture":"#0"},"west":{"uv":[4.46875,7.1875,4.75,7.5625],"tintindex":0,"rotation":0,"texture":"#0"},"up":{"uv":[2.3125,6.9375,1.8125,6.65625],"tintindex":0,"rotation":0,"texture":"#0"},"down":{"uv":[2.3125,6.9375,1.8125,6.65625],"tintindex":0,"rotation":0,"texture":"#0"}}},{"from":[10.774166,10.55833,9.5941725],"to":[14.470166,13.330329,16.062172],"faces":{"east":{"uv":[8.28125,3.90625,8.5,4.0],"tintindex":0,"rotation":0,"texture":"#0"},"south":{"uv":[8.40625,3.0625,8.53125,3.15625],"tintindex":0,"rotation":0,"texture":"#0"},"north":{"uv":[8.40625,2.9375,8.53125,3.03125],"tintindex":0,"rotation":0,"texture":"#0"},"west":{"uv":[4.0625,8.28125,4.28125,8.375],"tintindex":0,"rotation":0,"texture":"#0"},"up":{"uv":[6.6875,8.4375,6.5625,8.21875],"tintindex":0,"rotation":0,"texture":"#0"},"down":{"uv":[8.375,0.1875,8.25,0.40625],"tintindex":0,"rotation":0,"texture":"#0"}},"rotation":{"origin":[12.160166,9.86533,8.670171],"angle":45.0,"axis":"y"}},{"from":[14.932166,-4.418605,1.7924371],"to":[14.932166,4.8213944,13.804436],"faces":{"east":{"uv":[7.21875,1.0625,6.8125,1.375],"tintindex":0,"rotation":0,"texture":"#0"},"west":{"uv":[6.8125,1.0625,7.21875,1.375],"tintindex":0,"rotation":0,"texture":"#0"}},"rotation":{"origin":[14.932166,-0.95360565,6.8744354],"angle":-22.5,"axis":"x"}},{"from":[15.0771,19.798328,14.629738],"to":[16.9251,28.11433,16.477737],"faces":{"east":{"uv":[7.09375,8.34375,7.15625,8.625],"tintindex":0,"rotation":0,"texture":"#0"},"south":{"uv":[7.1875,8.34375,7.25,8.625],"tintindex":0,"rotation":0,"texture":"#0"},"north":{"uv":[7.0,8.34375,7.0625,8.625],"tintindex":0,"rotation":0,"texture":"#0"},"west":{"uv":[7.28125,8.34375,7.34375,8.625],"tintindex":0,"rotation":0,"texture":"#0"},"up":{"uv":[8.5625,0.84375,8.5,0.78125],"tintindex":0,"rotation":0,"texture":"#0"},"down":{"uv":[8.5625,1.0625,8.5,1.125],"tintindex":0,"rotation":0,"texture":"#0"}},"rotation":{"origin":[17.3871,22.10833,11.395737],"angle":22.5,"axis":"x"}},{"from":[1.5341654,10.55833,9.5941725],"to":[5.2301655,13.330329,16.062172],"faces":{"east":{"uv":[6.9375,5.03125,7.15625,5.125],"tintindex":0,"rotation":0,"texture":"#0"},"south":{"uv":[6.96875,2.875,7.09375,2.96875],"tintindex":0,"rotation":0,"texture":"#0"},"north":{"uv":[6.4375,2.53125,6.5625,2.625],"tintindex":0,"rotation":0,"texture":"#0"},"west":{"uv":[3.40625,8.28125,3.625,8.375],"tintindex":0,"rotation":0,"texture":"#0"},"up":{"uv":[5.15625,8.4375,5.03125,8.21875],"tintindex":0,"rotation":0,"texture":"#0"},"down":{"uv":[5.3125,8.21875,5.1875,8.4375],"tintindex":0,"rotation":0,"texture":"#0"}},"rotation":{"origin":[3.8441658,9.86533,8.670171],"angle":-45.0,"axis":"y"}},{"from":[3.3821654,6.169329,-13.967827],"to":[12.622166,10.78933,-1.9558287],"faces":{"east":{"uv":[7.65625,2.0625,8.0625,2.21875],"tintindex":0,"rotation":0,"texture":"#0"},"south":{"uv":[4.0625,7.9375,4.375,8.09375],"tintindex":0,"rotation":0,"texture":"#0"},"north":{"uv":[7.9375,3.90625,8.25,4.0625],"tintindex":0,"rotation":0,"texture":"#0"},"west":{"uv":[7.65625,3.25,8.0625,3.40625],"tintindex":0,"rotation":0,"texture":"#0"},"up":{"uv":[4.53125,7.0625,4.21875,6.65625],"tintindex":0,"rotation":0,"texture":"#0"},"down":{"uv":[6.1875,6.65625,5.875,7.0625],"tintindex":0,"rotation":0,"texture":"#0"}}},{"from":[1.5341654,17.02633,7.74617],"to":[5.2301655,19.798328,16.062172],"faces":{"east":{"uv":[8.21875,6.84375,8.5,6.9375],"tintindex":0,"rotation":0,"texture":"#0"},"south":{"uv":[5.40625,2.78125,5.53125,2.875],"tintindex":0,"rotation":0,"texture":"#0"},"north":{"uv":[4.8125,1.65625,4.9375,1.75],"tintindex":0,"rotation":0,"texture":"#0"},"west":{"uv":[8.21875,7.625,8.5,7.71875],"tintindex":0,"rotation":0,"texture":"#0"},"up":{"uv":[4.46875,6.0625,4.34375,5.78125],"tintindex":0,"rotation":0,"texture":"#0"},"down":{"uv":[2.46875,8.09375,2.34375,8.375],"tintindex":0,"rotation":0,"texture":"#0"}},"rotation":{"origin":[3.8441658,16.33333,6.822171],"angle":-22.5,"axis":"y"}},{"from":[2.4581652,1.7950101,-2.606494],"to":[13.546165,6.4150095,5.709508],"faces":{"east":{"uv":[5.0625,8.03125,5.34375,8.1875],"tintindex":0,"rotation":0,"texture":"#0"},"south":{"uv":[7.71875,0.5,8.09375,0.65625],"tintindex":0,"rotation":0,"texture":"#0"},"north":{"uv":[7.71875,0.5,8.09375,0.65625],"tintindex":0,"rotation":0,"texture":"#0"},"west":{"uv":[8.0625,0.0,8.34375,0.15625],"tintindex":0,"rotation":0,"texture":"#0"},"up":{"uv":[4.4375,7.375,4.0625,7.09375],"tintindex":0,"rotation":0,"texture":"#0"},"down":{"uv":[4.4375,7.375,4.0625,7.09375],"tintindex":0,"rotation":0,"texture":"#0"}},"rotation":{"origin":[5.6921654,4.783329,-2.8270798],"angle":-22.5,"axis":"x"}},{"from":[3.3821654,5.9530106,-2.0982952],"to":[12.622166,10.573011,5.293709],"faces":{"east":{"uv":[8.09375,0.6875,8.34375,0.84375],"tintindex":0,"rotation":0,"texture":"#0"},"south":{"uv":[7.9375,5.09375,8.25,5.25],"tintindex":0,"rotation":0,"texture":"#0"},"north":{"uv":[7.9375,4.90625,8.25,5.0625],"tintindex":0,"rotation":0,"texture":"#0"},"west":{"uv":[8.09375,1.375,8.34375,1.53125],"tintindex":0,"rotation":0,"texture":"#0"},"up":{"uv":[7.8125,2.59375,7.5,2.34375],"tintindex":0,"rotation":0,"texture":"#0"},"down":{"uv":[3.71875,7.5,3.40625,7.75],"tintindex":0,"rotation":0,"texture":"#0"}},"rotation":{"origin":[6.6161656,5.2453294,-3.2890759],"angle":-22.5,"axis":"x"}},{"from":[16.001099,11.875931,14.755234],"to":[17.849098,20.191933,16.603237],"faces":{"east":{"uv":[7.75,8.34375,7.8125,8.625],"tintindex":0,"rotation":0,"texture":"#0"},"south":{"uv":[7.84375,8.34375,7.90625,8.625],"tintindex":0,"rotation":0,"texture":"#0"},"north":{"uv":[7.65625,8.34375,7.71875,8.625],"tintindex":0,"rotation":0,"texture":"#0"},"west":{"uv":[7.9375,8.34375,8.0,8.625],"tintindex":0,"rotation":0,"texture":"#0"},"up":{"uv":[8.5625,1.21875,8.5,1.15625],"tintindex":0,"rotation":0,"texture":"#0"},"down":{"uv":[8.5625,1.25,8.5,1.3125],"tintindex":0,"rotation":0,"texture":"#0"}},"rotation":{"origin":[18.7731,15.109931,14.524234],"angle":45.0,"axis":"x"}},{"from":[1.0721655,3.6663942,2.716433],"to":[14.932166,13.830395,10.108435],"faces":{"east":{"uv":[0.90625,5.78125,1.15625,6.125],"tintindex":0,"rotation":0,"texture":"#0"},"south":{"uv":[6.28125,0.0,6.75,0.34375],"tintindex":0,"rotation":0,"texture":"#0"},"north":{"uv":[6.28125,0.0,6.75,0.34375],"tintindex":0,"rotation":0,"texture":"#0"},"west":{"uv":[1.34375,6.1875,1.59375,6.53125],"tintindex":0,"rotation":0,"texture":"#0"},"up":{"uv":[7.40625,5.0,6.9375,4.75],"tintindex":0,"rotation":0,"texture":"#0"},"down":{"uv":[7.40625,5.0,6.9375,4.75],"tintindex":0,"rotation":0,"texture":"#0"}}},{"from":[1.0721655,-4.418605,1.7924371],"to":[1.0721655,4.8213944,13.804436],"faces":{"east":{"uv":[7.21875,1.0625,6.8125,1.375],"tintindex":0,"rotation":0,"texture":"#0"},"west":{"uv":[6.8125,1.0625,7.21875,1.375],"tintindex":0,"rotation":0,"texture":"#0"}},"rotation":{"origin":[1.0721655,-0.95360565,6.8744354],"angle":-22.5,"axis":"x"}},{"from":[3.3821654,3.3973298,-13.967827],"to":[3.3821654,6.169329,-1.9558287],"faces":{"east":{"uv":[5.375,2.78125,4.96875,2.875],"tintindex":0,"rotation":0,"texture":"#0"},"west":{"uv":[4.96875,2.78125,5.375,2.875],"tintindex":0,"rotation":0,"texture":"#0"}}},{"from":[2.4581652,-2.8249893,-2.5602903],"to":[2.4581652,1.7950101,5.755707],"faces":{"east":{"uv":[3.15625,8.0625,2.875,8.21875],"tintindex":0,"rotation":0,"texture":"#0"},"west":{"uv":[2.875,8.0625,3.15625,8.21875],"tintindex":0,"rotation":0,"texture":"#0"}},"rotation":{"origin":[5.6921654,4.783329,-2.8270798],"angle":-22.5,"axis":"x"}},{"from":[10.774166,17.02633,7.74617],"to":[14.470166,19.798328,16.062172],"faces":{"east":{"uv":[0.96875,8.25,1.25,8.34375],"tintindex":0,"rotation":0,"texture":"#0"},"south":{"uv":[7.8125,2.9375,7.9375,3.03125],"tintindex":0,"rotation":0,"texture":"#0"},"north":{"uv":[7.625,0.90625,7.75,1.0],"tintindex":0,"rotation":0,"texture":"#0"},"west":{"uv":[2.8125,8.25,3.09375,8.34375],"tintindex":0,"rotation":0,"texture":"#0"},"up":{"uv":[3.875,8.375,3.75,8.09375],"tintindex":0,"rotation":0,"texture":"#0"},"down":{"uv":[4.03125,8.09375,3.90625,8.375],"tintindex":0,"rotation":0,"texture":"#0"}},"rotation":{"origin":[12.160166,16.33333,6.822171],"angle":22.5,"axis":"y"}},{"from":[-0.9207678,19.798328,14.629738],"to":[0.9272318,28.11433,16.477737],"faces":{"east":{"uv":[3.65625,8.28125,3.71875,8.5625],"tintindex":0,"rotation":0,"texture":"#0"},"south":{"uv":[3.3125,8.3125,3.375,8.59375],"tintindex":0,"rotation":0,"texture":"#0"},"north":{"uv":[5.78125,7.1875,5.84375,7.46875],"tintindex":0,"rotation":0,"texture":"#0"},"west":{"uv":[4.71875,8.3125,4.78125,8.59375],"tintindex":0,"rotation":0,"texture":"#0"},"up":{"uv":[2.0,6.625,1.9375,6.5625],"tintindex":0,"rotation":0,"texture":"#0"},"down":{"uv":[4.53125,7.09375,4.46875,7.15625],"tintindex":0,"rotation":0,"texture":"#0"}},"rotation":{"origin":[-1.3827677,22.10833,11.395737],"angle":22.5,"axis":"x"}},{"from":[12.622166,3.3973298,-13.967827],"to":[12.622166,6.169329,-1.9558287],"faces":{"east":{"uv":[5.375,2.78125,4.96875,2.875],"tintindex":0,"rotation":0,"texture":"#0"},"west":{"uv":[4.96875,2.78125,5.375,2.875],"tintindex":0,"rotation":0,"texture":"#0"}}},{"from":[-1.8447685,11.875931,14.755234],"to":[0.0032320023,20.191933,16.603237],"faces":{"east":{"uv":[6.90625,8.3125,6.96875,8.59375],"tintindex":0,"rotation":0,"texture":"#0"},"south":{"uv":[8.3125,8.25,8.375,8.53125],"tintindex":0,"rotation":0,"texture":"#0"},"north":{"uv":[6.40625,8.3125,6.46875,8.59375],"tintindex":0,"rotation":0,"texture":"#0"},"west":{"uv":[8.34375,3.40625,8.40625,3.6875],"tintindex":0,"rotation":0,"texture":"#0"},"up":{"uv":[8.5625,0.40625,8.5,0.34375],"tintindex":0,"rotation":0,"texture":"#0"},"down":{"uv":[8.5625,0.6875,8.5,0.75],"tintindex":0,"rotation":0,"texture":"#0"}},"rotation":{"origin":[-2.7687683,15.109931,14.524234],"angle":45.0,"axis":"x"}},{"from":[1.2162209,13.549061,4.0501733],"to":[4.912221,20.017061,7.74617],"faces":{"east":{"uv":[0.0,8.21875,0.125,8.4375],"tintindex":0,"rotation":0,"texture":"#0"},"south":{"uv":[2.5,8.21875,2.625,8.4375],"tintindex":0,"rotation":0,"texture":"#0"},"north":{"uv":[4.875,8.1875,5.0,8.40625],"tintindex":0,"rotation":0,"texture":"#0"},"west":{"uv":[2.65625,8.21875,2.78125,8.4375],"tintindex":0,"rotation":0,"texture":"#0"},"up":{"uv":[4.46875,6.21875,4.34375,6.09375],"tintindex":0,"rotation":0,"texture":"#0"},"down":{"uv":[4.6875,6.65625,4.5625,6.78125],"tintindex":0,"rotation":0,"texture":"#0"}},"rotation":{"origin":[3.064221,15.39706,4.0501733],"angle":22.5,"axis":"x"}},{"from":[1.5341654,9.555591,-5.8608885],"to":[3.3821654,12.327591,3.3791122],"faces":{"east":{"uv":[6.09375,2.53125,6.40625,2.625],"tintindex":0,"rotation":0,"texture":"#0"},"south":{"uv":[4.6875,7.59375,4.75,7.6875],"tintindex":0,"rotation":0,"texture":"#0"},"north":{"uv":[1.1875,7.09375,1.25,7.1875],"tintindex":0,"rotation":0,"texture":"#0"},"west":{"uv":[7.625,1.5625,7.9375,1.65625],"tintindex":0,"rotation":0,"texture":"#0"},"up":{"uv":[3.46875,4.3125,3.40625,4.0],"tintindex":0,"rotation":0,"texture":"#0"},"down":{"uv":[3.875,5.25,3.8125,5.5625],"tintindex":0,"rotation":0,"texture":"#0"}},"rotation":{"origin":[4.3061657,10.941591,-3.0888853],"angle":-22.5,"axis":"x"}},{"from":[12.622166,9.555591,-5.8608885],"to":[14.470166,12.327591,3.3791122],"faces":{"east":{"uv":[4.53125,8.1875,4.84375,8.28125],"tintindex":0,"rotation":0,"texture":"#0"},"south":{"uv":[6.0625,8.46875,6.125,8.5625],"tintindex":0,"rotation":0,"texture":"#0"},"north":{"uv":[8.46875,4.90625,8.53125,5.0],"tintindex":0,"rotation":0,"texture":"#0"},"west":{"uv":[8.1875,5.34375,8.5,5.4375],"tintindex":0,"rotation":0,"texture":"#0"},"up":{"uv":[6.4375,6.96875,6.375,6.65625],"tintindex":0,"rotation":0,"texture":"#0"},"down":{"uv":[7.625,8.25,7.5625,8.5625],"tintindex":0,"rotation":0,"texture":"#0"}},"rotation":{"origin":[11.698166,10.941591,-3.0888853],"angle":-22.5,"axis":"x"}},{"from":[2.9201655,5.4910097,-2.5602903],"to":[13.084166,11.03501,5.755707],"faces":{"east":{"uv":[2.875,7.84375,3.15625,8.03125],"tintindex":0,"rotation":0,"texture":"#0"},"south":{"uv":[5.6875,1.4375,6.03125,1.625],"tintindex":0,"rotation":0,"texture":"#0"},"north":{"uv":[5.6875,1.4375,6.03125,1.625],"tintindex":0,"rotation":0,"texture":"#0"},"west":{"uv":[3.75,7.875,4.03125,8.0625],"tintindex":0,"rotation":0,"texture":"#0"},"up":{"uv":[7.53125,6.34375,7.1875,6.0625],"tintindex":0,"rotation":0,"texture":"#0"},"down":{"uv":[7.53125,6.34375,7.1875,6.0625],"tintindex":0,"rotation":0,"texture":"#0"}},"rotation":{"origin":[6.1541657,4.783329,-2.8270798],"angle":-22.5,"axis":"x"}},{"from":[3.8441658,11.03501,-2.5602903],"to":[3.8441658,17.50301,5.755707],"faces":{"east":{"uv":[0.5625,7.75,0.28125,7.96875],"tintindex":0,"rotation":0,"texture":"#0"},"west":{"uv":[0.28125,7.75,0.5625,7.96875],"tintindex":0,"rotation":0,"texture":"#0"}},"rotation":{"origin":[6.1541657,4.783329,-2.8270798],"angle":-22.5,"axis":"x"}},{"from":[14.932166,-0.95360565,4.564435],"to":[14.932166,10.134395,20.272436],"faces":{"east":{"uv":[3.75,5.84375,3.21875,6.21875],"tintindex":0,"rotation":0,"texture":"#0"},"west":{"uv":[3.21875,5.84375,3.75,6.21875],"tintindex":0,"rotation":0,"texture":"#0"}},"rotation":{"origin":[19.552166,8.748395,6.4124346],"angle":22.5,"axis":"y"}},{"from":[12.160166,11.03501,-2.5602903],"to":[12.160166,17.50301,5.755707],"faces":{"east":{"uv":[0.5625,7.75,0.28125,7.96875],"tintindex":0,"rotation":0,"texture":"#0"},"west":{"uv":[0.28125,7.75,0.5625,7.96875],"tintindex":0,"rotation":0,"texture":"#0"}},"rotation":{"origin":[9.850165,4.783329,-2.8270798],"angle":-22.5,"axis":"x"}},{"from":[13.061066,6.169329,-13.967827],"to":[13.061066,9.86533,-1.9558287],"faces":{"east":{"uv":[8.28125,5.78125,7.875,5.90625],"tintindex":0,"rotation":0,"texture":"#0"},"west":{"uv":[7.875,5.78125,8.28125,5.90625],"tintindex":0,"rotation":0,"texture":"#0"}}},{"from":[1.0721655,-0.95360565,4.564435],"to":[1.0721655,10.134395,20.272436],"faces":{"east":{"uv":[3.75,5.84375,3.21875,6.21875],"tintindex":0,"rotation":0,"texture":"#0"},"west":{"uv":[3.21875,5.84375,3.75,6.21875],"tintindex":0,"rotation":0,"texture":"#0"}},"rotation":{"origin":[-3.5478344,8.748395,6.4124346],"angle":-22.5,"axis":"y"}},{"from":[3.8441658,6.6313295,-13.505833],"to":[12.160166,10.32733,-2.4178295],"faces":{"east":{"uv":[4.65625,8.03125,5.03125,8.15625],"tintindex":0,"rotation":0,"texture":"#0"},"south":{"uv":[8.09375,3.25,8.375,3.375],"tintindex":0,"rotation":0,"texture":"#0"},"north":{"uv":[8.09375,3.25,8.375,3.375],"tintindex":0,"rotation":0,"texture":"#0"},"west":{"uv":[8.03125,5.5625,8.40625,5.6875],"tintindex":0,"rotation":0,"texture":"#0"},"up":{"uv":[7.46875,5.40625,7.1875,5.03125],"tintindex":0,"rotation":0,"texture":"#0"},"down":{"uv":[7.46875,5.40625,7.1875,5.03125],"tintindex":0,"rotation":0,"texture":"#0"}}},{"from":[2.9201655,2.4955454,-2.2502575],"to":[13.084166,6.191546,5.1417413],"faces":{"east":{"uv":[3.40625,8.125,3.65625,8.25],"tintindex":0,"rotation":0,"texture":"#0"},"south":{"uv":[8.0625,6.59375,8.40625,6.71875],"tintindex":0,"rotation":0,"texture":"#0"},"north":{"uv":[8.0625,6.4375,8.40625,6.5625],"tintindex":0,"rotation":0,"texture":"#0"},"west":{"uv":[4.0625,8.125,4.3125,8.25],"tintindex":0,"rotation":0,"texture":"#0"},"up":{"uv":[5.90625,3.40625,5.5625,3.15625],"tintindex":0,"rotation":0,"texture":"#0"},"down":{"uv":[7.59375,1.40625,7.25,1.65625],"tintindex":0,"rotation":0,"texture":"#0"}},"rotation":{"origin":[6.1541657,4.783329,-2.8270798],"angle":-22.5,"axis":"x"}},{"from":[11.092111,13.549061,4.0501733],"to":[14.788111,20.017061,7.74617],"faces":{"east":{"uv":[5.75,8.21875,5.875,8.4375],"tintindex":0,"rotation":0,"texture":"#0"},"south":{"uv":[5.90625,8.21875,6.03125,8.4375],"tintindex":0,"rotation":0,"texture":"#0"},"north":{"uv":[5.59375,8.21875,5.71875,8.4375],"tintindex":0,"rotation":0,"texture":"#0"},"west":{"uv":[6.0625,8.21875,6.1875,8.4375],"tintindex":0,"rotation":0,"texture":"#0"},"up":{"uv":[0.90625,7.0625,0.78125,6.9375],"tintindex":0,"rotation":0,"texture":"#0"},"down":{"uv":[8.46875,7.40625,8.34375,7.53125],"tintindex":0,"rotation":0,"texture":"#0"}},"rotation":{"origin":[12.940111,15.39706,4.0501733],"angle":22.5,"axis":"x"}},{"from":[10.774166,10.78933,-13.967827],"to":[12.622166,12.637331,-11.195829],"faces":{"east":{"uv":[6.28125,0.375,6.375,0.4375],"tintindex":0,"rotation":0,"texture":"#0"},"south":{"uv":[8.5,0.09375,8.5625,0.15625],"tintindex":0,"rotation":0,"texture":"#0"},"north":{"uv":[8.5,0.0,8.5625,0.0625],"tintindex":0,"rotation":0,"texture":"#0"},"west":{"uv":[1.8125,6.5625,1.90625,6.625],"tintindex":0,"rotation":0,"texture":"#0"},"up":{"uv":[8.5,6.21875,8.4375,6.125],"tintindex":0,"rotation":0,"texture":"#0"},"down":{"uv":[8.5,6.59375,8.4375,6.6875],"tintindex":0,"rotation":0,"texture":"#0"}}}],"display":{"gui":{"rotation":[30,225,0]}}}