{"textures":{"0":"modelengine:entity/celestial_thunderlord"},"elements":[{"from":[6.691,-1.8999672,0.34005165],"to":[9.462999,5.030033,3.112053],"faces":{"east":{"uv":[0.3125,6.375,0.375,6.53125],"tintindex":0,"rotation":0,"texture":"#0"},"south":{"uv":[6.71875,0.71875,6.78125,0.875],"tintindex":0,"rotation":0,"texture":"#0"},"north":{"uv":[3.40625,4.34375,3.46875,4.5],"tintindex":0,"rotation":0,"texture":"#0"},"west":{"uv":[3.40625,7.3125,3.46875,7.46875],"tintindex":0,"rotation":0,"texture":"#0"},"up":{"uv":[4.125,5.1875,4.0625,5.125],"tintindex":0,"rotation":0,"texture":"#0"},"down":{"uv":[0.375,6.5625,0.3125,6.625],"tintindex":0,"rotation":0,"texture":"#0"}},"rotation":{"origin":[8.077,2.951033,1.7260532],"angle":22.5,"axis":"x"}},{"from":[10.849,-7.8204575,-1.2511444],"to":[10.849,-0.8904581,2.9068546],"faces":{"east":{"uv":[1.15625,7.40625,1.0625,7.5625],"tintindex":0,"rotation":0,"texture":"#0"},"west":{"uv":[1.0625,7.40625,1.15625,7.5625],"tintindex":0,"rotation":0,"texture":"#0"}}},{"from":[9.462999,-1.8999672,0.34005165],"to":[12.235,5.030033,3.112053],"faces":{"east":{"uv":[0.3125,6.375,0.375,6.53125],"tintindex":0,"rotation":0,"texture":"#0"},"south":{"uv":[6.71875,0.71875,6.78125,0.875],"tintindex":0,"rotation":0,"texture":"#0"},"north":{"uv":[3.40625,4.34375,3.46875,4.5],"tintindex":0,"rotation":0,"texture":"#0"},"west":{"uv":[3.40625,7.3125,3.46875,7.46875],"tintindex":0,"rotation":0,"texture":"#0"},"up":{"uv":[4.125,5.1875,4.0625,5.125],"tintindex":0,"rotation":0,"texture":"#0"},"down":{"uv":[0.375,6.5625,0.3125,6.625],"tintindex":0,"rotation":0,"texture":"#0"}},"rotation":{"origin":[10.849,2.951033,1.7260532],"angle":22.5,"axis":"x"}},{"from":[3.9190006,-1.8999672,0.34005165],"to":[6.691,5.030033,3.112053],"faces":{"east":{"uv":[0.3125,6.375,0.375,6.53125],"tintindex":0,"rotation":0,"texture":"#0"},"south":{"uv":[6.71875,0.71875,6.78125,0.875],"tintindex":0,"rotation":0,"texture":"#0"},"north":{"uv":[3.40625,4.34375,3.46875,4.5],"tintindex":0,"rotation":0,"texture":"#0"},"west":{"uv":[3.40625,7.3125,3.46875,7.46875],"tintindex":0,"rotation":0,"texture":"#0"},"up":{"uv":[4.125,5.1875,4.0625,5.125],"tintindex":0,"rotation":0,"texture":"#0"},"down":{"uv":[0.375,6.5625,0.3125,6.625],"tintindex":0,"rotation":0,"texture":"#0"}},"rotation":{"origin":[5.3050003,2.951033,1.7260532],"angle":22.5,"axis":"x"}},{"from":[3.9190006,3.120203,2.1863785],"to":[12.235,8.664203,9.116379],"faces":{"east":{"uv":[1.75,8.28125,1.90625,8.40625],"tintindex":0,"rotation":0,"texture":"#0"},"south":{"uv":[8.28125,1.21875,8.46875,1.34375],"tintindex":0,"rotation":0,"texture":"#0"},"north":{"uv":[6.71875,2.375,6.90625,2.5],"tintindex":0,"rotation":0,"texture":"#0"},"west":{"uv":[8.28125,4.90625,8.4375,5.03125],"tintindex":0,"rotation":0,"texture":"#0"},"up":{"uv":[8.3125,4.875,8.125,4.71875],"tintindex":0,"rotation":0,"texture":"#0"},"down":{"uv":[8.3125,8.0625,8.125,8.21875],"tintindex":0,"rotation":0,"texture":"#0"}},"rotation":{"origin":[7.384001,5.892203,5.6513786],"angle":-45.0,"axis":"x"}},{"from":[8.077,-7.8204575,-1.2511444],"to":[8.077,-0.8904581,2.9068546],"faces":{"east":{"uv":[1.15625,7.40625,1.0625,7.5625],"tintindex":0,"rotation":0,"texture":"#0"},"west":{"uv":[1.0625,7.40625,1.15625,7.5625],"tintindex":0,"rotation":0,"texture":"#0"}}},{"from":[5.3050003,-7.8204575,-1.2511444],"to":[5.3050003,-0.8904581,2.9068546],"faces":{"east":{"uv":[1.15625,7.40625,1.0625,7.5625],"tintindex":0,"rotation":0,"texture":"#0"},"west":{"uv":[1.0625,7.40625,1.15625,7.5625],"tintindex":0,"rotation":0,"texture":"#0"}}}],"display":{"gui":{"rotation":[30,225,0]}}}