{"overrides":[{"predicate":{"custom_model_data":1},"model":"modelengine:inferno_drake/rightwing3"},{"predicate":{"custom_model_data":2},"model":"modelengine:inferno_drake/leftwing3"},{"predicate":{"custom_model_data":3},"model":"modelengine:inferno_drake/rightwing"},{"predicate":{"custom_model_data":4},"model":"modelengine:inferno_drake/rightwing2"},{"predicate":{"custom_model_data":5},"model":"modelengine:inferno_drake/leftfeet"},{"predicate":{"custom_model_data":6},"model":"modelengine:inferno_drake/rightbone"},{"predicate":{"custom_model_data":7},"model":"modelengine:inferno_drake/rightfeet"},{"predicate":{"custom_model_data":8},"model":"modelengine:inferno_drake/tail3"},{"predicate":{"custom_model_data":9},"model":"modelengine:archer_goblin/chest"},{"predicate":{"custom_model_data":10},"model":"modelengine:archer_goblin/6pack"},{"predicate":{"custom_model_data":11},"model":"modelengine:archer_goblin/rightleg"},{"predicate":{"custom_model_data":12},"model":"modelengine:archer_goblin/leftleg"},{"predicate":{"custom_model_data":13},"model":"modelengine:archer_goblin/head"},{"predicate":{"custom_model_data":14},"model":"modelengine:archer_goblin/rightarm"},{"predicate":{"custom_model_data":15},"model":"modelengine:archer_goblin/leftarm"},{"predicate":{"custom_model_data":16},"model":"modelengine:archer_goblin/arrowbag"},{"predicate":{"custom_model_data":17},"model":"modelengine:archer_goblin/knee2"},{"predicate":{"custom_model_data":18},"model":"modelengine:inferno_drake/rightwing4"},{"predicate":{"custom_model_data":19},"model":"modelengine:archer_goblin/knee"},{"predicate":{"custom_model_data":20},"model":"modelengine:archer_goblin/jaw"},{"predicate":{"custom_model_data":21},"model":"modelengine:archer_goblin/leftear"},{"predicate":{"custom_model_data":22},"model":"modelengine:archer_goblin/righteyebrow"},{"predicate":{"custom_model_data":23},"model":"modelengine:archer_goblin/lefteyebrow"},{"predicate":{"custom_model_data":24},"model":"modelengine:inferno_drake/leftwing2"},{"predicate":{"custom_model_data":25},"model":"modelengine:inferno_drake/leftwing4"},{"predicate":{"custom_model_data":26},"model":"modelengine:inferno_drake/leftbone"},{"predicate":{"custom_model_data":27},"model":"modelengine:inferno_drake/leftwing"},{"predicate":{"custom_model_data":28},"model":"modelengine:inferno_drake/neck3"},{"predicate":{"custom_model_data":29},"model":"modelengine:inferno_drake/tail4"},{"predicate":{"custom_model_data":30},"model":"modelengine:inferno_drake/rightfinger4"},{"predicate":{"custom_model_data":31},"model":"modelengine:inferno_drake/rightfinger3"},{"predicate":{"custom_model_data":32},"model":"modelengine:inferno_drake/rightfinger2"},{"predicate":{"custom_model_data":33},"model":"modelengine:inferno_drake/rightfinger"},{"predicate":{"custom_model_data":34},"model":"modelengine:inferno_drake/leftfingerwing3"},{"predicate":{"custom_model_data":35},"model":"modelengine:inferno_drake/leftfingerwing2"},{"predicate":{"custom_model_data":36},"model":"modelengine:inferno_drake/leftfingerwing4"},{"predicate":{"custom_model_data":37},"model":"modelengine:archer_goblin/rightear"},{"predicate":{"custom_model_data":38},"model":"modelengine:archer_goblin/armbow2"},{"predicate":{"custom_model_data":39},"model":"modelengine:archer_goblin/armbow"},{"predicate":{"custom_model_data":40},"model":"modelengine:archer_goblin/arrow"},{"predicate":{"custom_model_data":41},"model":"modelengine:inferno_drake/head"},{"predicate":{"custom_model_data":42},"model":"modelengine:inferno_drake/body"},{"predicate":{"custom_model_data":43},"model":"modelengine:inferno_drake/tail5"},{"predicate":{"custom_model_data":44},"model":"modelengine:inferno_drake/upperteeth"},{"predicate":{"custom_model_data":45},"model":"modelengine:inferno_drake/lowerteeth"},{"predicate":{"custom_model_data":46},"model":"modelengine:inferno_drake/horns3"},{"predicate":{"custom_model_data":47},"model":"modelengine:inferno_drake/horns2"},{"predicate":{"custom_model_data":48},"model":"modelengine:inferno_drake/horns5"},{"predicate":{"custom_model_data":49},"model":"modelengine:inferno_drake/horns4"},{"predicate":{"custom_model_data":50},"model":"modelengine:inferno_drake/leftfingerwing"},{"predicate":{"custom_model_data":51},"model":"modelengine:inferno_drake/lefttoplid"},{"predicate":{"custom_model_data":52},"model":"modelengine:inferno_drake/leftbottomlid"},{"predicate":{"custom_model_data":53},"model":"modelengine:inferno_drake/rightleg"},{"predicate":{"custom_model_data":54},"model":"modelengine:inferno_drake/rightarm"},{"predicate":{"custom_model_data":55},"model":"modelengine:inferno_drake/leftleg"},{"predicate":{"custom_model_data":56},"model":"modelengine:inferno_drake/righttoplid"},{"predicate":{"custom_model_data":57},"model":"modelengine:inferno_drake/rightbottomlid"},{"predicate":{"custom_model_data":58},"model":"modelengine:lavalord/head"},{"predicate":{"custom_model_data":59},"model":"modelengine:inferno_drake/leftarm"},{"predicate":{"custom_model_data":60},"model":"modelengine:inferno_drake/neck"},{"predicate":{"custom_model_data":61},"model":"modelengine:lavalord/mouth"},{"predicate":{"custom_model_data":62},"model":"modelengine:lavalord/righteyebrow"},{"predicate":{"custom_model_data":63},"model":"modelengine:lavalord/mouth2"},{"predicate":{"custom_model_data":64},"model":"modelengine:lavalord/lefteyebrow"},{"predicate":{"custom_model_data":66},"model":"modelengine:lavalord/rightleg"},{"predicate":{"custom_model_data":67},"model":"modelengine:lavalord/leftleg"},{"predicate":{"custom_model_data":68},"model":"modelengine:archer_goblin/arrow3"},{"predicate":{"custom_model_data":69},"model":"modelengine:archer_goblin/arrow2"},{"predicate":{"custom_model_data":70},"model":"modelengine:archer_goblin/arrow4"},{"predicate":{"custom_model_data":71},"model":"modelengine:inferno_drake/rightknee"},{"predicate":{"custom_model_data":72},"model":"modelengine:inferno_drake/tail2"},{"predicate":{"custom_model_data":73},"model":"modelengine:inferno_drake/rightforearm"},{"predicate":{"custom_model_data":74},"model":"modelengine:archer_goblin/bow"},{"predicate":{"custom_model_data":75},"model":"modelengine:archer_goblin/bowarm2"},{"predicate":{"custom_model_data":76},"model":"modelengine:archer_goblin/bowarm"},{"predicate":{"custom_model_data":77},"model":"modelengine:archer_goblin/wire"},{"predicate":{"custom_model_data":78},"model":"modelengine:archer_goblin/wire2"},{"predicate":{"custom_model_data":79},"model":"modelengine:protected_goblin/chest"},{"predicate":{"custom_model_data":80},"model":"modelengine:protected_goblin/6pack"},{"predicate":{"custom_model_data":81},"model":"modelengine:protected_goblin/rightleg"},{"predicate":{"custom_model_data":82},"model":"modelengine:inferno_drake/leftknee"},{"predicate":{"custom_model_data":83},"model":"modelengine:inferno_drake/leftforearm"},{"predicate":{"custom_model_data":84},"model":"modelengine:inferno_drake/neck2"},{"predicate":{"custom_model_data":85},"model":"modelengine:protected_goblin/leftleg"},{"predicate":{"custom_model_data":86},"model":"modelengine:protected_goblin/head"},{"predicate":{"custom_model_data":87},"model":"modelengine:protected_goblin/rightarm"},{"predicate":{"custom_model_data":88},"model":"modelengine:protected_goblin/leftarm"},{"predicate":{"custom_model_data":89},"model":"modelengine:protected_goblin/knee2"},{"predicate":{"custom_model_data":90},"model":"modelengine:protected_goblin/knee"},{"predicate":{"custom_model_data":91},"model":"modelengine:protected_goblin/jaw"},{"predicate":{"custom_model_data":92},"model":"modelengine:protected_goblin/righteyebrow"},{"predicate":{"custom_model_data":93},"model":"modelengine:protected_goblin/helmet"},{"predicate":{"custom_model_data":94},"model":"modelengine:protected_goblin/lefteyebrow"},{"predicate":{"custom_model_data":95},"model":"modelengine:protected_goblin/armbow2"},{"predicate":{"custom_model_data":96},"model":"modelengine:protected_goblin/armbow"},{"predicate":{"custom_model_data":97},"model":"modelengine:protected_goblin/sword"},{"predicate":{"custom_model_data":98},"model":"modelengine:protected_goblin/shield"},{"predicate":{"custom_model_data":99},"model":"modelengine:shield_goblin/chest"},{"predicate":{"custom_model_data":100},"model":"modelengine:shield_goblin/6pack"},{"predicate":{"custom_model_data":101},"model":"modelengine:shield_goblin/rightleg"},{"predicate":{"custom_model_data":102},"model":"modelengine:shield_goblin/leftleg"},{"predicate":{"custom_model_data":103},"model":"modelengine:shield_goblin/head"},{"predicate":{"custom_model_data":104},"model":"modelengine:shield_goblin/rightarm"},{"predicate":{"custom_model_data":105},"model":"modelengine:shield_goblin/leftarm"},{"predicate":{"custom_model_data":106},"model":"modelengine:shield_goblin/knee2"},{"predicate":{"custom_model_data":107},"model":"modelengine:shield_goblin/knee"},{"predicate":{"custom_model_data":108},"model":"modelengine:shield_goblin/jaw"},{"predicate":{"custom_model_data":109},"model":"modelengine:shield_goblin/leftear"},{"predicate":{"custom_model_data":110},"model":"modelengine:shield_goblin/righteyebrow"},{"predicate":{"custom_model_data":111},"model":"modelengine:shield_goblin/lefteyebrow"},{"predicate":{"custom_model_data":112},"model":"modelengine:shield_goblin/rightear"},{"predicate":{"custom_model_data":113},"model":"modelengine:shield_goblin/armbow2"},{"predicate":{"custom_model_data":114},"model":"modelengine:shield_goblin/armbow"},{"predicate":{"custom_model_data":115},"model":"modelengine:shield_goblin/sword"},{"predicate":{"custom_model_data":116},"model":"modelengine:shield_goblin/shield"},{"predicate":{"custom_model_data":117},"model":"modelengine:sword_goblin/chest"},{"predicate":{"custom_model_data":118},"model":"modelengine:sword_goblin/6pack"},{"predicate":{"custom_model_data":119},"model":"modelengine:sword_goblin/rightleg"},{"predicate":{"custom_model_data":120},"model":"modelengine:sword_goblin/leftleg"},{"predicate":{"custom_model_data":121},"model":"modelengine:sword_goblin/head"},{"predicate":{"custom_model_data":122},"model":"modelengine:sword_goblin/rightarm"},{"predicate":{"custom_model_data":123},"model":"modelengine:sword_goblin/leftarm"},{"predicate":{"custom_model_data":124},"model":"modelengine:sword_goblin/knee2"},{"predicate":{"custom_model_data":125},"model":"modelengine:sword_goblin/knee"},{"predicate":{"custom_model_data":126},"model":"modelengine:sword_goblin/jaw"},{"predicate":{"custom_model_data":127},"model":"modelengine:sword_goblin/leftear"},{"predicate":{"custom_model_data":128},"model":"modelengine:sword_goblin/righteyebrow"},{"predicate":{"custom_model_data":129},"model":"modelengine:sword_goblin/lefteyebrow"},{"predicate":{"custom_model_data":130},"model":"modelengine:sword_goblin/rightear"},{"predicate":{"custom_model_data":131},"model":"modelengine:sword_goblin/armbow2"},{"predicate":{"custom_model_data":132},"model":"modelengine:sword_goblin/armbow"},{"predicate":{"custom_model_data":133},"model":"modelengine:sword_goblin/sword"},{"predicate":{"custom_model_data":134},"model":"modelengine:lavalord_primed/head"},{"predicate":{"custom_model_data":135},"model":"modelengine:lavalord_primed/mouth"},{"predicate":{"custom_model_data":136},"model":"modelengine:lavalord_primed/righteyebrow"},{"predicate":{"custom_model_data":137},"model":"modelengine:lavalord_primed/rightleg"},{"predicate":{"custom_model_data":138},"model":"modelengine:lavalord_primed/mouth2"},{"predicate":{"custom_model_data":139},"model":"modelengine:lavalord_primed/leftleg"},{"predicate":{"custom_model_data":140},"model":"modelengine:lavalord_primed/lefteyebrow"},{"predicate":{"custom_model_data":141},"model":"modelengine:lavalord_primed/fireball"},{"predicate":{"custom_model_data":142},"model":"modelengine:celestial_thunderlord/upper_body"},{"predicate":{"custom_model_data":143},"model":"modelengine:celestial_thunderlord/left_thigh"},{"predicate":{"custom_model_data":144},"model":"modelengine:celestial_thunderlord/right_thigh"},{"predicate":{"custom_model_data":145},"model":"modelengine:celestial_thunderlord/tail"},{"predicate":{"custom_model_data":146},"model":"modelengine:celestial_thunderlord/stomach"},{"predicate":{"custom_model_data":147},"model":"modelengine:celestial_thunderlord/left_leg"},{"predicate":{"custom_model_data":148},"model":"modelengine:celestial_thunderlord/right_leg"},{"predicate":{"custom_model_data":149},"model":"modelengine:celestial_thunderlord/tail_2"},{"predicate":{"custom_model_data":150},"model":"modelengine:celestial_thunderlord/chest"},{"predicate":{"custom_model_data":151},"model":"modelengine:celestial_thunderlord/right_arm"},{"predicate":{"custom_model_data":152},"model":"modelengine:celestial_thunderlord/right_wing"},{"predicate":{"custom_model_data":153},"model":"modelengine:celestial_thunderlord/left_arm"},{"predicate":{"custom_model_data":154},"model":"modelengine:celestial_thunderlord/left_wing"},{"predicate":{"custom_model_data":155},"model":"modelengine:celestial_thunderlord/left_ankle"},{"predicate":{"custom_model_data":156},"model":"modelengine:celestial_thunderlord/right_ankle"},{"predicate":{"custom_model_data":157},"model":"modelengine:celestial_thunderlord/tail_3"},{"predicate":{"custom_model_data":158},"model":"modelengine:celestial_thunderlord/neck_left"},{"predicate":{"custom_model_data":159},"model":"modelengine:celestial_thunderlord/neck_right"},{"predicate":{"custom_model_data":160},"model":"modelengine:celestial_thunderlord/right_wrist"},{"predicate":{"custom_model_data":161},"model":"modelengine:celestial_thunderlord/right_wing_mid"},{"predicate":{"custom_model_data":162},"model":"modelengine:celestial_thunderlord/left_wrist"},{"predicate":{"custom_model_data":163},"model":"modelengine:celestial_thunderlord/left_wing_mid"},{"predicate":{"custom_model_data":164},"model":"modelengine:celestial_thunderlord/left_foot"},{"predicate":{"custom_model_data":165},"model":"modelengine:celestial_thunderlord/right_foot"},{"predicate":{"custom_model_data":166},"model":"modelengine:celestial_thunderlord/tail_end"},{"predicate":{"custom_model_data":167},"model":"modelengine:celestial_thunderlord/upper_neck_left"},{"predicate":{"custom_model_data":168},"model":"modelengine:celestial_thunderlord/upper_neck_right"},{"predicate":{"custom_model_data":169},"model":"modelengine:celestial_thunderlord/right_hand"},{"predicate":{"custom_model_data":170},"model":"modelengine:celestial_thunderlord/right_wing_end"},{"predicate":{"custom_model_data":171},"model":"modelengine:celestial_thunderlord/left_hand"},{"predicate":{"custom_model_data":172},"model":"modelengine:celestial_thunderlord/left_wing_end"},{"predicate":{"custom_model_data":173},"model":"modelengine:celestial_thunderlord/left_toe"},{"predicate":{"custom_model_data":174},"model":"modelengine:celestial_thunderlord/right_toe"},{"predicate":{"custom_model_data":175},"model":"modelengine:celestial_thunderlord/head_left"},{"predicate":{"custom_model_data":176},"model":"modelengine:celestial_thunderlord/head_right"},{"predicate":{"custom_model_data":177},"model":"modelengine:celestial_thunderlord/right_thumb"},{"predicate":{"custom_model_data":178},"model":"modelengine:celestial_thunderlord/left_thumb"},{"predicate":{"custom_model_data":179},"model":"modelengine:celestial_thunderlord/jaw_left"},{"predicate":{"custom_model_data":180},"model":"modelengine:celestial_thunderlord/jaw_right"},{"predicate":{"custom_model_data":181},"model":"modelengine:celestial_thunderlord/claw3"},{"predicate":{"custom_model_data":182},"model":"modelengine:celestial_thunderlord/claw2"},{"predicate":{"custom_model_data":183},"model":"modelengine:celestial_thunderlord/claw1"},{"predicate":{"custom_model_data":184},"model":"modelengine:celestial_thunderlord/claw4"},{"predicate":{"custom_model_data":185},"model":"modelengine:celestial_thunderlord/claw6"},{"predicate":{"custom_model_data":186},"model":"modelengine:celestial_thunderlord/claw5"},{"predicate":{"custom_model_data":187},"model":"modelengine:flarewing_dragon/upper_body"},{"predicate":{"custom_model_data":188},"model":"modelengine:flarewing_dragon/left_thigh"},{"predicate":{"custom_model_data":189},"model":"modelengine:flarewing_dragon/right_thigh"},{"predicate":{"custom_model_data":190},"model":"modelengine:flarewing_dragon/tail"},{"predicate":{"custom_model_data":191},"model":"modelengine:flarewing_dragon/stomach"},{"predicate":{"custom_model_data":192},"model":"modelengine:flarewing_dragon/left_leg"},{"predicate":{"custom_model_data":193},"model":"modelengine:flarewing_dragon/right_leg"},{"predicate":{"custom_model_data":194},"model":"modelengine:flarewing_dragon/tail_2"},{"predicate":{"custom_model_data":195},"model":"modelengine:flarewing_dragon/chest"},{"predicate":{"custom_model_data":196},"model":"modelengine:flarewing_dragon/right_arm"},{"predicate":{"custom_model_data":197},"model":"modelengine:flarewing_dragon/right_wing"},{"predicate":{"custom_model_data":198},"model":"modelengine:flarewing_dragon/left_arm"},{"predicate":{"custom_model_data":199},"model":"modelengine:flarewing_dragon/left_wing"},{"predicate":{"custom_model_data":200},"model":"modelengine:flarewing_dragon/left_ankle"},{"predicate":{"custom_model_data":201},"model":"modelengine:flarewing_dragon/right_ankle"},{"predicate":{"custom_model_data":202},"model":"modelengine:flarewing_dragon/tail_3"},{"predicate":{"custom_model_data":203},"model":"modelengine:flarewing_dragon/neck"},{"predicate":{"custom_model_data":204},"model":"modelengine:flarewing_dragon/right_wrist"},{"predicate":{"custom_model_data":205},"model":"modelengine:flarewing_dragon/right_wing_mid"},{"predicate":{"custom_model_data":206},"model":"modelengine:flarewing_dragon/left_wrist"},{"predicate":{"custom_model_data":207},"model":"modelengine:flarewing_dragon/left_wing_mid"},{"predicate":{"custom_model_data":208},"model":"modelengine:flarewing_dragon/left_foot"},{"predicate":{"custom_model_data":209},"model":"modelengine:flarewing_dragon/right_foot"},{"predicate":{"custom_model_data":210},"model":"modelengine:flarewing_dragon/tail_end"},{"predicate":{"custom_model_data":211},"model":"modelengine:flarewing_dragon/upper_neck"},{"predicate":{"custom_model_data":212},"model":"modelengine:flarewing_dragon/right_hand"},{"predicate":{"custom_model_data":213},"model":"modelengine:flarewing_dragon/right_wing_end"},{"predicate":{"custom_model_data":214},"model":"modelengine:flarewing_dragon/left_hand"},{"predicate":{"custom_model_data":215},"model":"modelengine:flarewing_dragon/left_wing_end"},{"predicate":{"custom_model_data":216},"model":"modelengine:flarewing_dragon/head"},{"predicate":{"custom_model_data":217},"model":"modelengine:flarewing_dragon/jaw"},{"predicate":{"custom_model_data":218},"model":"modelengine:skywhisper_wyvern/upper_body"},{"predicate":{"custom_model_data":219},"model":"modelengine:skywhisper_wyvern/left_thigh"},{"predicate":{"custom_model_data":220},"model":"modelengine:skywhisper_wyvern/right_thigh"},{"predicate":{"custom_model_data":221},"model":"modelengine:skywhisper_wyvern/chest"},{"predicate":{"custom_model_data":222},"model":"modelengine:skywhisper_wyvern/tail"},{"predicate":{"custom_model_data":223},"model":"modelengine:skywhisper_wyvern/left_leg"},{"predicate":{"custom_model_data":224},"model":"modelengine:skywhisper_wyvern/right_leg"},{"predicate":{"custom_model_data":225},"model":"modelengine:skywhisper_wyvern/right_wing"},{"predicate":{"custom_model_data":226},"model":"modelengine:skywhisper_wyvern/left_wing"},{"predicate":{"custom_model_data":227},"model":"modelengine:skywhisper_wyvern/neck"},{"predicate":{"custom_model_data":228},"model":"modelengine:skywhisper_wyvern/tail_mid"},{"predicate":{"custom_model_data":229},"model":"modelengine:skywhisper_wyvern/left_ankle"},{"predicate":{"custom_model_data":230},"model":"modelengine:skywhisper_wyvern/right_ankle"},{"predicate":{"custom_model_data":231},"model":"modelengine:skywhisper_wyvern/right_wing_mid"},{"predicate":{"custom_model_data":232},"model":"modelengine:skywhisper_wyvern/left_wing_mid"},{"predicate":{"custom_model_data":233},"model":"modelengine:skywhisper_wyvern/neck_mid"},{"predicate":{"custom_model_data":234},"model":"modelengine:skywhisper_wyvern/tail_end"},{"predicate":{"custom_model_data":235},"model":"modelengine:skywhisper_wyvern/left_foot"},{"predicate":{"custom_model_data":236},"model":"modelengine:skywhisper_wyvern/right_foot"},{"predicate":{"custom_model_data":237},"model":"modelengine:skywhisper_wyvern/right_wing_end"},{"predicate":{"custom_model_data":238},"model":"modelengine:skywhisper_wyvern/left_wing_end"},{"predicate":{"custom_model_data":239},"model":"modelengine:skywhisper_wyvern/neck_end"},{"predicate":{"custom_model_data":240},"model":"modelengine:skywhisper_wyvern/head"},{"predicate":{"custom_model_data":241},"model":"modelengine:skywhisper_wyvern/jaw"},{"predicate":{"custom_model_data":242},"model":"modelengine:terravore_drake/upper_body"},{"predicate":{"custom_model_data":243},"model":"modelengine:terravore_drake/left_thigh"},{"predicate":{"custom_model_data":244},"model":"modelengine:terravore_drake/right_thigh"},{"predicate":{"custom_model_data":245},"model":"modelengine:terravore_drake/right_arm"},{"predicate":{"custom_model_data":246},"model":"modelengine:terravore_drake/left_arm"},{"predicate":{"custom_model_data":247},"model":"modelengine:terravore_drake/tail"},{"predicate":{"custom_model_data":248},"model":"modelengine:terravore_drake/neck"},{"predicate":{"custom_model_data":249},"model":"modelengine:terravore_drake/left_leg"},{"predicate":{"custom_model_data":250},"model":"modelengine:terravore_drake/right_leg"},{"predicate":{"custom_model_data":251},"model":"modelengine:terravore_drake/right_wrist"},{"predicate":{"custom_model_data":252},"model":"modelengine:terravore_drake/left_wrist"},{"predicate":{"custom_model_data":253},"model":"modelengine:terravore_drake/tail_mid"},{"predicate":{"custom_model_data":254},"model":"modelengine:terravore_drake/upper_neck"},{"predicate":{"custom_model_data":255},"model":"modelengine:terravore_drake/left_ankle"},{"predicate":{"custom_model_data":256},"model":"modelengine:terravore_drake/right_ankle"},{"predicate":{"custom_model_data":257},"model":"modelengine:terravore_drake/right_hand"},{"predicate":{"custom_model_data":258},"model":"modelengine:terravore_drake/left_hand"},{"predicate":{"custom_model_data":259},"model":"modelengine:terravore_drake/tail_end"},{"predicate":{"custom_model_data":260},"model":"modelengine:terravore_drake/head"},{"predicate":{"custom_model_data":261},"model":"modelengine:terravore_drake/left_foot"},{"predicate":{"custom_model_data":262},"model":"modelengine:terravore_drake/right_foot"},{"predicate":{"custom_model_data":263},"model":"modelengine:terravore_drake/tail_end_end"},{"predicate":{"custom_model_data":264},"model":"modelengine:terravore_drake/jaw"},{"predicate":{"custom_model_data":265},"model":"modelengine:vfx_air_pulse/body"}],"parent":"minecraft:item/generated","textures":{"layer0":"minecraft:item/leather_horse_armor"}}