{"parent":"minecraft:item/generated","textures":{"layer0":"minecraft:item/paper"},"overrides":[{"predicate":{"custom_model_data":20320},"model":"dragon_warrior:dragon_warrior_model/dragon_circle_1"},{"predicate":{"custom_model_data":20320},"model":"dragon_warrior:dragon_warrior_model/dragon_circle_1"},{"predicate":{"custom_model_data":20321},"model":"dragon_warrior:dragon_warrior_model/dragon_circle_2"},{"predicate":{"custom_model_data":20321},"model":"dragon_warrior:dragon_warrior_model/dragon_circle_2"},{"predicate":{"custom_model_data":20322},"model":"dragon_warrior:dragon_warrior_model/dragon_circle_3"},{"predicate":{"custom_model_data":20322},"model":"dragon_warrior:dragon_warrior_model/dragon_circle_3"},{"predicate":{"custom_model_data":20323},"model":"dragon_warrior:dragon_warrior_model/dragon_circle_4"},{"predicate":{"custom_model_data":20323},"model":"dragon_warrior:dragon_warrior_model/dragon_circle_4"},{"predicate":{"custom_model_data":20324},"model":"dragon_warrior:dragon_warrior_model/dragon_circle_5"},{"predicate":{"custom_model_data":20324},"model":"dragon_warrior:dragon_warrior_model/dragon_circle_5"},{"predicate":{"custom_model_data":20325},"model":"dragon_warrior:dragon_warrior_model/dragon_dash_charge_1"},{"predicate":{"custom_model_data":20325},"model":"dragon_warrior:dragon_warrior_model/dragon_dash_charge_1"},{"predicate":{"custom_model_data":20326},"model":"dragon_warrior:dragon_warrior_model/dragon_dash_charge_2"},{"predicate":{"custom_model_data":20326},"model":"dragon_warrior:dragon_warrior_model/dragon_dash_charge_2"},{"predicate":{"custom_model_data":20327},"model":"dragon_warrior:dragon_warrior_model/dragon_dash_charge_3"},{"predicate":{"custom_model_data":20327},"model":"dragon_warrior:dragon_warrior_model/dragon_dash_charge_3"},{"predicate":{"custom_model_data":20328},"model":"dragon_warrior:dragon_warrior_model/dragon_dash_charge_4"},{"predicate":{"custom_model_data":20328},"model":"dragon_warrior:dragon_warrior_model/dragon_dash_charge_4"},{"predicate":{"custom_model_data":20329},"model":"dragon_warrior:dragon_warrior_model/dragon_dash_pierce_1"},{"predicate":{"custom_model_data":20329},"model":"dragon_warrior:dragon_warrior_model/dragon_dash_pierce_1"},{"predicate":{"custom_model_data":20330},"model":"dragon_warrior:dragon_warrior_model/dragon_dash_pierce_2"},{"predicate":{"custom_model_data":20330},"model":"dragon_warrior:dragon_warrior_model/dragon_dash_pierce_2"},{"predicate":{"custom_model_data":20331},"model":"dragon_warrior:dragon_warrior_model/dragon_dash_pierce_3"},{"predicate":{"custom_model_data":20331},"model":"dragon_warrior:dragon_warrior_model/dragon_dash_pierce_3"},{"predicate":{"custom_model_data":20332},"model":"dragon_warrior:dragon_warrior_model/dragon_dash_pierce_4"},{"predicate":{"custom_model_data":20332},"model":"dragon_warrior:dragon_warrior_model/dragon_dash_pierce_4"},{"predicate":{"custom_model_data":20333},"model":"dragon_warrior:dragon_warrior_model/dragon_dash_pierce_5"},{"predicate":{"custom_model_data":20333},"model":"dragon_warrior:dragon_warrior_model/dragon_dash_pierce_5"},{"predicate":{"custom_model_data":20334},"model":"dragon_warrior:dragon_warrior_model/dragon_ground_slash"},{"predicate":{"custom_model_data":20334},"model":"dragon_warrior:dragon_warrior_model/dragon_ground_slash"},{"predicate":{"custom_model_data":20335},"model":"dragon_warrior:dragon_warrior_model/dragon_slash_1"},{"predicate":{"custom_model_data":20335},"model":"dragon_warrior:dragon_warrior_model/dragon_slash_1"},{"predicate":{"custom_model_data":20336},"model":"dragon_warrior:dragon_warrior_model/dragon_slash_2"},{"predicate":{"custom_model_data":20336},"model":"dragon_warrior:dragon_warrior_model/dragon_slash_2"},{"predicate":{"custom_model_data":20337},"model":"dragon_warrior:dragon_warrior_model/dragon_slash_3"},{"predicate":{"custom_model_data":20337},"model":"dragon_warrior:dragon_warrior_model/dragon_slash_3"},{"predicate":{"custom_model_data":20338},"model":"dragon_warrior:dragon_warrior_model/dragon_slash_4"},{"predicate":{"custom_model_data":20338},"model":"dragon_warrior:dragon_warrior_model/dragon_slash_4"},{"predicate":{"custom_model_data":20339},"model":"dragon_warrior:dragon_warrior_model/dragon_slash_5"},{"predicate":{"custom_model_data":20339},"model":"dragon_warrior:dragon_warrior_model/dragon_slash_5"},{"predicate":{"custom_model_data":20340},"model":"dragon_warrior:dragon_warrior_model/dragon_slash_6"},{"predicate":{"custom_model_data":20340},"model":"dragon_warrior:dragon_warrior_model/dragon_slash_6"},{"predicate":{"custom_model_data":20341},"model":"dragon_warrior:dragon_warrior_model/dragon_smash_rupture_1"},{"predicate":{"custom_model_data":20341},"model":"dragon_warrior:dragon_warrior_model/dragon_smash_rupture_1"},{"predicate":{"custom_model_data":20342},"model":"dragon_warrior:dragon_warrior_model/dragon_smash_rupture_2"},{"predicate":{"custom_model_data":20342},"model":"dragon_warrior:dragon_warrior_model/dragon_smash_rupture_2"},{"predicate":{"custom_model_data":20343},"model":"dragon_warrior:dragon_warrior_model/dragon_smash_rupture_3"},{"predicate":{"custom_model_data":20343},"model":"dragon_warrior:dragon_warrior_model/dragon_smash_rupture_3"},{"predicate":{"custom_model_data":20344},"model":"dragon_warrior:dragon_warrior_model/dragon_smash_rupture_4"},{"predicate":{"custom_model_data":20344},"model":"dragon_warrior:dragon_warrior_model/dragon_smash_rupture_4"},{"predicate":{"custom_model_data":20345},"model":"dragon_warrior:dragon_warrior_model/dragon_smash_rupture_5"},{"predicate":{"custom_model_data":20345},"model":"dragon_warrior:dragon_warrior_model/dragon_smash_rupture_5"},{"predicate":{"custom_model_data":20346},"model":"dragon_warrior:dragon_warrior_model/dragon_smash_rupture_6"},{"predicate":{"custom_model_data":20346},"model":"dragon_warrior:dragon_warrior_model/dragon_smash_rupture_6"},{"predicate":{"custom_model_data":20347},"model":"dragon_warrior:dragon_warrior_model/dragon_spin"},{"predicate":{"custom_model_data":20347},"model":"dragon_warrior:dragon_warrior_model/dragon_spin"},{"predicate":{"custom_model_data":20348},"model":"dragon_warrior:dragon_warrior_model/dragon_spin_1"},{"predicate":{"custom_model_data":20348},"model":"dragon_warrior:dragon_warrior_model/dragon_spin_1"},{"predicate":{"custom_model_data":20349},"model":"dragon_warrior:dragon_warrior_model/dragon_spin_2"},{"predicate":{"custom_model_data":20349},"model":"dragon_warrior:dragon_warrior_model/dragon_spin_2"},{"predicate":{"custom_model_data":20350},"model":"dragon_warrior:dragon_warrior_model/dragon_spin_3"},{"predicate":{"custom_model_data":20350},"model":"dragon_warrior:dragon_warrior_model/dragon_spin_3"},{"predicate":{"custom_model_data":20351},"model":"dragon_warrior:dragon_warrior_model/dragon_warrior_spear_spirit_1"},{"predicate":{"custom_model_data":20351},"model":"dragon_warrior:dragon_warrior_model/dragon_warrior_spear_spirit_1"},{"predicate":{"custom_model_data":20352},"model":"dragon_warrior:dragon_warrior_model/dragon_warrior_spear_spirit_2"},{"predicate":{"custom_model_data":20352},"model":"dragon_warrior:dragon_warrior_model/dragon_warrior_spear_spirit_2"},{"predicate":{"custom_model_data":20353},"model":"dragon_warrior:dragon_warrior_model/dragon_warrior_spear_spirit_3"},{"predicate":{"custom_model_data":20353},"model":"dragon_warrior:dragon_warrior_model/dragon_warrior_spear_spirit_3"},{"predicate":{"custom_model_data":20354},"model":"dragon_warrior:dragon_warrior_model/dragon_warrior_spear_spirit_4"},{"predicate":{"custom_model_data":20354},"model":"dragon_warrior:dragon_warrior_model/dragon_warrior_spear_spirit_4"},{"predicate":{"custom_model_data":20355},"model":"dragon_warrior:dragon_warrior_model/dragon_wings_1"},{"predicate":{"custom_model_data":20355},"model":"dragon_warrior:dragon_warrior_model/dragon_wings_1"},{"predicate":{"custom_model_data":20356},"model":"dragon_warrior:dragon_warrior_model/dragon_wings_2"},{"predicate":{"custom_model_data":20356},"model":"dragon_warrior:dragon_warrior_model/dragon_wings_2"},{"predicate":{"custom_model_data":20357},"model":"dragon_warrior:dragon_warrior_model/dragon_wings_3"},{"predicate":{"custom_model_data":20357},"model":"dragon_warrior:dragon_warrior_model/dragon_wings_3"},{"predicate":{"custom_model_data":20358},"model":"dragon_warrior:dragon_warrior_model/dragon_wings_4"},{"predicate":{"custom_model_data":20358},"model":"dragon_warrior:dragon_warrior_model/dragon_wings_4"},{"predicate":{"custom_model_data":20359},"model":"dragon_warrior:dragon_warrior_model/dragon_wings_5"},{"predicate":{"custom_model_data":20359},"model":"dragon_warrior:dragon_warrior_model/dragon_wings_5"},{"predicate":{"custom_model_data":20360},"model":"dragon_warrior:dragon_warrior_model/dragon_wings_6"},{"predicate":{"custom_model_data":20360},"model":"dragon_warrior:dragon_warrior_model/dragon_wings_6"},{"predicate":{"custom_model_data":20361},"model":"dragon_warrior:dragon_warrior_model/dragon_wings_7"},{"predicate":{"custom_model_data":20361},"model":"dragon_warrior:dragon_warrior_model/dragon_wings_7"},{"predicate":{"custom_model_data":20362},"model":"dragon_warrior:dragon_warrior_model/dragon_wings_8"},{"predicate":{"custom_model_data":20362},"model":"dragon_warrior:dragon_warrior_model/dragon_wings_8"},{"predicate":{"custom_model_data":20363},"model":"dragon_warrior:dragon_warrior_model/dragon_wings_9"},{"predicate":{"custom_model_data":20363},"model":"dragon_warrior:dragon_warrior_model/dragon_wings_9"},{"predicate":{"custom_model_data":20364},"model":"dragon_warrior:dragon_warrior_model/dragon_wings_a"},{"predicate":{"custom_model_data":20364},"model":"dragon_warrior:dragon_warrior_model/dragon_wings_a"},{"predicate":{"custom_model_data":20365},"model":"dragon_warrior:dragon_warrior_model/dragon_slash_2_opp"},{"predicate":{"custom_model_data":20365},"model":"dragon_warrior:dragon_warrior_model/dragon_slash_2_opp"},{"predicate":{"custom_model_data":20366},"model":"item/paper"}]}