{"parent":"minecraft:item/handheld","textures":{"layer0":"minecraft:item/stone_sword"},"overrides":[{"predicate":{"custom_model_data":2025},"model":"dragon_warrior:dragon_warrior_model/dragon_warrior_spear"},{"predicate":{"custom_model_data":2025},"model":"dragon_warrior:dragon_warrior_model/dragon_warrior_spear"},{"predicate":{"custom_model_data":2026},"model":"dragon_warrior:dragon_warrior_model/dragon_warrior_spear_shiny"},{"predicate":{"custom_model_data":2026},"model":"dragon_warrior:dragon_warrior_model/dragon_warrior_spear_shiny"},{"predicate":{"custom_model_data":2027},"model":"item/stone_sword"}]}