{"textures":{"0":"modelengine:entity/blacktip_reef"},"elements":[{"from":[7.5,5.6160297,5.6339703],"to":[8.5,13.61603,9.63397],"faces":{"east":{"uv":[0.0,1.0,1.0,3.0],"tintindex":0,"rotation":0,"texture":"#0"},"south":{"uv":[2.25,1.0,2.5,3.0],"tintindex":0,"rotation":0,"texture":"#0"},"north":{"uv":[1.0,1.0,1.25,3.0],"tintindex":0,"rotation":0,"texture":"#0"},"west":{"uv":[1.25,1.0,2.25,3.0],"tintindex":0,"rotation":0,"texture":"#0"},"up":{"uv":[1.25,1.0,1.0,0.0],"tintindex":0,"rotation":0,"texture":"#0"},"down":{"uv":[1.5,0.0,1.25,1.0],"tintindex":0,"rotation":0,"texture":"#0"}}}],"display":{"gui":{"rotation":[30,225,0]}}}