{"textures":{"0":"modelengine:entity/blacktip_reef"},"elements":[{"from":[5.0,8.0,0.0],"to":[11.0,14.0,19.0],"faces":{"east":{"uv":[0.0,4.75,4.75,6.25],"tintindex":0,"rotation":0,"texture":"#0"},"south":{"uv":[11.0,4.75,12.5,6.25],"tintindex":0,"rotation":0,"texture":"#0"},"north":{"uv":[4.75,4.75,6.25,6.25],"tintindex":0,"rotation":0,"texture":"#0"},"west":{"uv":[6.25,4.75,11.0,6.25],"tintindex":0,"rotation":0,"texture":"#0"},"up":{"uv":[6.25,4.75,4.75,0.0],"tintindex":0,"rotation":0,"texture":"#0"},"down":{"uv":[7.75,0.0,6.25,4.75],"tintindex":0,"rotation":0,"texture":"#0"}}}],"display":{"gui":{"rotation":[30,225,0]}}}