{"textures":{"0":"modelengine:entity/blacktip_reef"},"elements":[{"from":[1.0,7.0,5.5],"to":[9.0,8.0,9.5],"faces":{"east":{"uv":[7.75,2.25,8.75,2.5],"tintindex":0,"rotation":0,"texture":"#0"},"south":{"uv":[11.75,2.25,13.75,2.5],"tintindex":0,"rotation":0,"texture":"#0"},"north":{"uv":[8.75,2.25,10.75,2.5],"tintindex":0,"rotation":0,"texture":"#0"},"west":{"uv":[10.75,2.25,11.75,2.5],"tintindex":0,"rotation":0,"texture":"#0"},"up":{"uv":[10.75,2.25,8.75,1.25],"tintindex":0,"rotation":0,"texture":"#0"},"down":{"uv":[12.75,1.25,10.75,2.25],"tintindex":0,"rotation":0,"texture":"#0"}}}],"display":{"gui":{"rotation":[30,225,0]}}}