{"textures":{"0":"modelengine:entity/blacktip_reef"},"elements":[{"from":[7.0,7.0,5.5],"to":[15.0,8.0,9.5],"faces":{"east":{"uv":[7.75,1.0,8.75,1.25],"tintindex":0,"rotation":0,"texture":"#0"},"south":{"uv":[11.75,1.0,13.75,1.25],"tintindex":0,"rotation":0,"texture":"#0"},"north":{"uv":[8.75,1.0,10.75,1.25],"tintindex":0,"rotation":0,"texture":"#0"},"west":{"uv":[10.75,1.0,11.75,1.25],"tintindex":0,"rotation":0,"texture":"#0"},"up":{"uv":[10.75,1.0,8.75,0.0],"tintindex":0,"rotation":0,"texture":"#0"},"down":{"uv":[12.75,0.0,10.75,1.0],"tintindex":0,"rotation":0,"texture":"#0"}}}],"display":{"gui":{"rotation":[30,225,0]}}}