{"textures":{"0":"modelengine:entity/blacktip_reef"},"elements":[{"from":[8.0,2.5,11.0],"to":[8.0,5.5,17.0],"faces":{"east":{"uv":[0.0,3.0,1.5,3.75],"tintindex":0,"rotation":0,"texture":"#0"},"west":{"uv":[1.5,3.0,3.0,3.75],"tintindex":0,"rotation":0,"texture":"#0"}}},{"from":[8.0,11.5,11.0],"to":[8.0,14.5,17.0],"faces":{"east":{"uv":[0.0,3.75,1.5,4.5],"tintindex":0,"rotation":0,"texture":"#0"},"west":{"uv":[1.5,3.75,3.0,4.5],"tintindex":0,"rotation":0,"texture":"#0"}}},{"from":[6.0,5.5,8.0],"to":[10.0,11.5,21.0],"faces":{"east":{"uv":[0.0,9.5,3.25,11.0],"tintindex":0,"rotation":0,"texture":"#0"},"south":{"uv":[7.5,9.5,8.5,11.0],"tintindex":0,"rotation":0,"texture":"#0"},"north":{"uv":[3.25,9.5,4.25,11.0],"tintindex":0,"rotation":0,"texture":"#0"},"west":{"uv":[4.25,9.5,7.5,11.0],"tintindex":0,"rotation":0,"texture":"#0"},"up":{"uv":[4.25,9.5,3.25,6.25],"tintindex":0,"rotation":0,"texture":"#0"},"down":{"uv":[5.25,6.25,4.25,9.5],"tintindex":0,"rotation":0,"texture":"#0"}}}],"display":{"gui":{"rotation":[30,225,0]}}}