{"textures":{"0":"modelengine:entity/blacktip_reef"},"elements":[{"from":[7.5,2.75,6.0],"to":[8.5,17.75,11.0],"faces":{"east":{"uv":[8.5,7.5,9.75,11.25],"tintindex":0,"rotation":0,"texture":"#0"},"south":{"uv":[11.25,7.5,11.5,11.25],"tintindex":0,"rotation":0,"texture":"#0"},"north":{"uv":[9.75,7.5,10.0,11.25],"tintindex":0,"rotation":0,"texture":"#0"},"west":{"uv":[10.0,7.5,11.25,11.25],"tintindex":0,"rotation":0,"texture":"#0"},"up":{"uv":[10.0,7.5,9.75,6.25],"tintindex":0,"rotation":0,"texture":"#0"},"down":{"uv":[10.25,6.25,10.0,7.5],"tintindex":0,"rotation":0,"texture":"#0"}}}],"display":{"gui":{"rotation":[30,225,0]}}}