{"textures":{"0":"modelengine:entity/arowana"},"elements":[{"from":[6.5,5.5,2.0],"to":[9.5,11.5,12.0],"faces":{"east":{"uv":[0.0,2.5,2.5,4.0],"tintindex":0,"rotation":0,"texture":"#0"},"south":{"uv":[5.75,2.5,6.5,4.0],"tintindex":0,"rotation":0,"texture":"#0"},"north":{"uv":[2.5,2.5,3.25,4.0],"tintindex":0,"rotation":0,"texture":"#0"},"west":{"uv":[3.25,2.5,5.75,4.0],"tintindex":0,"rotation":0,"texture":"#0"},"up":{"uv":[3.25,2.5,2.5,0.0],"tintindex":0,"rotation":0,"texture":"#0"},"down":{"uv":[4.0,0.0,3.25,2.5],"tintindex":0,"rotation":0,"texture":"#0"}}}],"display":{"gui":{"rotation":[30,225,0]}}}