{"textures":{"0":"modelengine:entity/arowana"},"elements":[{"from":[6.5,5.5,8.0],"to":[9.5,11.5,16.0],"faces":{"east":{"uv":[0.0,6.0,2.0,7.5],"tintindex":0,"rotation":0,"texture":"#0"},"south":{"uv":[4.75,6.0,5.5,7.5],"tintindex":0,"rotation":0,"texture":"#0"},"north":{"uv":[2.0,6.0,2.75,7.5],"tintindex":0,"rotation":0,"texture":"#0"},"west":{"uv":[2.75,6.0,4.75,7.5],"tintindex":0,"rotation":0,"texture":"#0"},"up":{"uv":[2.75,6.0,2.0,4.0],"tintindex":0,"rotation":0,"texture":"#0"},"down":{"uv":[3.5,4.0,2.75,6.0],"tintindex":0,"rotation":0,"texture":"#0"}}}],"display":{"gui":{"rotation":[30,225,0]}}}