{"textures":{"0":"modelengine:entity/arowana"},"elements":[{"from":[8.0,0.5,4.0],"to":[8.0,2.5,12.0],"faces":{"east":{"uv":[3.5,4.0,5.5,4.5],"tintindex":0,"rotation":0,"texture":"#0"},"west":{"uv":[5.5,4.0,7.5,4.5],"tintindex":0,"rotation":0,"texture":"#0"}}},{"from":[8.0,8.5,4.0],"to":[8.0,10.5,12.0],"faces":{"east":{"uv":[3.5,4.5,5.5,5.0],"tintindex":0,"rotation":0,"texture":"#0"},"west":{"uv":[5.5,4.5,7.5,5.0],"tintindex":0,"rotation":0,"texture":"#0"}}}],"display":{"gui":{"rotation":[30,225,0]}}}