{"textures":{"0":"modelengine:entity/lavalord"},"elements":[{"from":[-9.0,14.0,6.0],"to":[-5.0,18.0,10.0],"faces":{"east":{"uv":[3.0,10.25,4.0,11.25],"tintindex":0,"rotation":0,"texture":"#0"},"south":{"uv":[6.0,10.25,7.0,11.25],"tintindex":0,"rotation":0,"texture":"#0"},"north":{"uv":[4.0,10.25,5.0,11.25],"tintindex":0,"rotation":0,"texture":"#0"},"west":{"uv":[5.0,10.25,6.0,11.25],"tintindex":0,"rotation":0,"texture":"#0"},"up":{"uv":[5.0,10.25,4.0,9.25],"tintindex":0,"rotation":0,"texture":"#0"},"down":{"uv":[6.0,9.25,5.0,10.25],"tintindex":0,"rotation":0,"texture":"#0"}}},{"from":[21.0,14.0,6.0],"to":[25.0,18.0,10.0],"faces":{"east":{"uv":[3.0,10.25,4.0,11.25],"tintindex":0,"rotation":0,"texture":"#0"},"south":{"uv":[6.0,10.25,7.0,11.25],"tintindex":0,"rotation":0,"texture":"#0"},"north":{"uv":[4.0,10.25,5.0,11.25],"tintindex":0,"rotation":0,"texture":"#0"},"west":{"uv":[5.0,10.25,6.0,11.25],"tintindex":0,"rotation":0,"texture":"#0"},"up":{"uv":[5.0,10.25,4.0,9.25],"tintindex":0,"rotation":0,"texture":"#0"},"down":{"uv":[6.0,9.25,5.0,10.25],"tintindex":0,"rotation":0,"texture":"#0"}}}],"display":{"gui":{"rotation":[30,225,0]}}}