{"textures":{"0":"modelengine:entity/flarewing_dragon"},"elements":[{"from":[3.3745852,-5.1339464,2.2886086],"to":[12.312584,9.166853,13.01421],"faces":{"east":{"uv":[5.78125,2.625,5.59375,2.875],"tintindex":0,"rotation":0,"texture":"#0"},"south":{"uv":[5.21875,5.65625,5.0625,5.90625],"tintindex":0,"rotation":0,"texture":"#0"},"north":{"uv":[5.21875,5.65625,5.0625,5.90625],"tintindex":0,"rotation":0,"texture":"#0"},"west":{"uv":[5.78125,2.625,5.59375,2.875],"tintindex":0,"rotation":0,"texture":"#0"},"up":{"uv":[5.875,5.65625,6.03125,5.46875],"tintindex":0,"rotation":0,"texture":"#0"},"down":{"uv":[5.875,5.65625,6.03125,5.46875],"tintindex":0,"rotation":0,"texture":"#0"}}}],"display":{"gui":{"rotation":[30,225,0]}}}