{"textures":{"0":"modelengine:entity/bettafish"},"elements":[{"from":[8.0,10.0,5.0],"to":[8.0,14.0,12.0],"faces":{"east":{"uv":[0.0,8.0,3.5,10.0],"tintindex":0,"rotation":0,"texture":"#0"},"west":{"uv":[3.5,8.0,7.0,10.0],"tintindex":0,"rotation":0,"texture":"#0"}}},{"from":[7.0,7.0,6.0],"to":[9.0,10.0,12.0],"faces":{"east":{"uv":[5.0,10.0,8.0,11.5],"tintindex":0,"rotation":0,"texture":"#0"},"south":{"uv":[12.0,10.0,13.0,11.5],"tintindex":0,"rotation":0,"texture":"#0"},"north":{"uv":[8.0,10.0,9.0,11.5],"tintindex":0,"rotation":0,"texture":"#0"},"west":{"uv":[9.0,10.0,12.0,11.5],"tintindex":0,"rotation":0,"texture":"#0"},"up":{"uv":[9.0,10.0,8.0,7.0],"tintindex":0,"rotation":0,"texture":"#0"},"down":{"uv":[10.0,7.0,9.0,10.0],"tintindex":0,"rotation":0,"texture":"#0"}}}],"display":{"gui":{"rotation":[30,225,0]}}}