{"textures":{"0":"modelengine:entity/bettafish"},"elements":[{"from":[7.0,7.0,6.0],"to":[9.0,10.0,9.0],"faces":{"east":{"uv":[0.0,1.5,1.5,3.0],"tintindex":0,"rotation":0,"texture":"#0"},"south":{"uv":[4.0,1.5,5.0,3.0],"tintindex":0,"rotation":0,"texture":"#0"},"north":{"uv":[1.5,1.5,2.5,3.0],"tintindex":0,"rotation":0,"texture":"#0"},"west":{"uv":[2.5,1.5,4.0,3.0],"tintindex":0,"rotation":0,"texture":"#0"},"up":{"uv":[2.5,1.5,1.5,0.0],"tintindex":0,"rotation":0,"texture":"#0"},"down":{"uv":[3.5,0.0,2.5,1.5],"tintindex":0,"rotation":0,"texture":"#0"}}}],"display":{"gui":{"rotation":[30,225,0]}}}