{"textures":{"0":"modelengine:entity/bettafish"},"elements":[{"from":[5.92642,6.18085,8.13397],"to":[7.92642,8.18085,9.13397],"faces":{"east":{"uv":[9.0,0.5,9.5,1.5],"tintindex":0,"rotation":0,"texture":"#0"},"south":{"uv":[11.0,0.5,12.0,1.5],"tintindex":0,"rotation":0,"texture":"#0"},"north":{"uv":[9.5,0.5,10.5,1.5],"tintindex":0,"rotation":0,"texture":"#0"},"west":{"uv":[10.5,0.5,11.0,1.5],"tintindex":0,"rotation":0,"texture":"#0"},"up":{"uv":[10.5,0.5,9.5,0.0],"tintindex":0,"rotation":0,"texture":"#0"},"down":{"uv":[11.5,0.0,10.5,0.5],"tintindex":0,"rotation":0,"texture":"#0"}}}],"display":{"gui":{"rotation":[30,225,0]}}}