{"textures":{"0":"modelengine:entity/bettafish"},"elements":[{"from":[8.07358,6.18085,8.13397],"to":[10.07358,8.18085,9.13397],"faces":{"east":{"uv":[8.0,5.5,8.5,6.5],"tintindex":0,"rotation":0,"texture":"#0"},"south":{"uv":[10.0,5.5,11.0,6.5],"tintindex":0,"rotation":0,"texture":"#0"},"north":{"uv":[8.5,5.5,9.5,6.5],"tintindex":0,"rotation":0,"texture":"#0"},"west":{"uv":[9.5,5.5,10.0,6.5],"tintindex":0,"rotation":0,"texture":"#0"},"up":{"uv":[9.5,5.5,8.5,5.0],"tintindex":0,"rotation":0,"texture":"#0"},"down":{"uv":[10.5,5.0,9.5,5.5],"tintindex":0,"rotation":0,"texture":"#0"}}}],"display":{"gui":{"rotation":[30,225,0]}}}