{"textures":{"0":"modelengine:entity/goblin"},"elements":[{"from":[8.0,2.0,10.25],"to":[11.0,12.0,12.25],"faces":{"east":{"uv":[0.75,1.25,1.5,3.75],"tintindex":0,"rotation":0,"texture":"#0"},"south":{"uv":[0.75,1.25,1.5,3.75],"tintindex":0,"rotation":0,"texture":"#0"},"north":{"uv":[0.75,1.25,1.5,3.75],"tintindex":0,"rotation":0,"texture":"#0"},"west":{"uv":[0.75,1.25,1.5,3.75],"tintindex":0,"rotation":0,"texture":"#0"},"up":{"uv":[0.75,1.25,1.5,3.75],"tintindex":0,"rotation":0,"texture":"#0"},"down":{"uv":[0.75,1.25,1.5,3.75],"tintindex":0,"rotation":0,"texture":"#0"}},"rotation":{"origin":[9.0,9.0,11.0],"angle":-22.5,"axis":"z"}},{"from":[3.2278433,-0.17137146,10.0],"to":[3.4778433,4.5786285,10.75],"faces":{"east":{"uv":[1.0,1.5,1.25,2.75],"tintindex":0,"rotation":0,"texture":"#0"},"south":{"uv":[1.0,1.5,1.25,2.75],"tintindex":0,"rotation":0,"texture":"#0"},"north":{"uv":[1.0,1.5,1.25,2.75],"tintindex":0,"rotation":0,"texture":"#0"},"west":{"uv":[1.0,1.5,1.25,2.75],"tintindex":0,"rotation":0,"texture":"#0"},"up":{"uv":[1.0,1.5,1.25,2.75],"tintindex":0,"rotation":0,"texture":"#0"},"down":{"uv":[1.0,1.5,1.25,2.75],"tintindex":0,"rotation":0,"texture":"#0"}},"rotation":{"origin":[1.7278433,4.5786285,10.375],"angle":45.0,"axis":"x"}},{"from":[10.501907,11.387787,10.25],"to":[11.501907,12.137787,10.5],"faces":{"east":{"uv":[1.5,2.0,1.75,2.25],"tintindex":0,"rotation":0,"texture":"#0"},"south":{"uv":[1.5,2.0,1.75,2.25],"tintindex":0,"rotation":0,"texture":"#0"},"north":{"uv":[1.5,2.0,1.75,2.25],"tintindex":0,"rotation":0,"texture":"#0"},"west":{"uv":[1.5,2.0,1.75,2.25],"tintindex":0,"rotation":0,"texture":"#0"},"up":{"uv":[1.5,2.0,1.75,2.25],"tintindex":0,"rotation":0,"texture":"#0"},"down":{"uv":[1.5,2.0,1.75,2.25],"tintindex":0,"rotation":0,"texture":"#0"}},"rotation":{"origin":[11.001907,11.762787,10.375],"angle":-22.5,"axis":"z"}},{"from":[10.501907,11.887787,10.5],"to":[11.501907,16.637787,10.75],"faces":{"east":{"uv":[0.5,2.0,0.75,3.25],"tintindex":0,"rotation":0,"texture":"#0"},"south":{"uv":[0.5,2.0,0.75,3.25],"tintindex":0,"rotation":0,"texture":"#0"},"north":{"uv":[0.5,2.0,0.75,3.25],"tintindex":0,"rotation":0,"texture":"#0"},"west":{"uv":[0.5,2.0,0.75,3.25],"tintindex":0,"rotation":0,"texture":"#0"},"up":{"uv":[0.5,2.0,0.75,3.25],"tintindex":0,"rotation":0,"texture":"#0"},"down":{"uv":[0.5,2.0,0.75,3.25],"tintindex":0,"rotation":0,"texture":"#0"}},"rotation":{"origin":[11.001907,11.762787,10.375],"angle":-45.0,"axis":"x"}},{"from":[5.3528433,1.9536281,10.25],"to":[6.3528433,5.9536285,10.5],"faces":{"east":{"uv":[0.25,2.0,0.5,3.0],"tintindex":0,"rotation":0,"texture":"#0"},"south":{"uv":[0.25,2.0,0.5,3.0],"tintindex":0,"rotation":0,"texture":"#0"},"north":{"uv":[0.25,2.0,0.5,3.0],"tintindex":0,"rotation":0,"texture":"#0"},"west":{"uv":[0.25,2.0,0.5,3.0],"tintindex":0,"rotation":0,"texture":"#0"},"up":{"uv":[0.25,2.0,0.5,3.0],"tintindex":0,"rotation":0,"texture":"#0"},"down":{"uv":[0.25,2.0,0.5,3.0],"tintindex":0,"rotation":0,"texture":"#0"}},"rotation":{"origin":[5.8528433,4.5786285,10.375],"angle":-45.0,"axis":"z"}},{"from":[9.07841,1.3637657,5.5],"to":[9.828409,12.363766,5.75],"faces":{"east":{"uv":[1.0,1.25,1.25,4.0],"tintindex":0,"rotation":0,"texture":"#0"},"south":{"uv":[1.0,1.25,1.25,4.0],"tintindex":0,"rotation":0,"texture":"#0"},"north":{"uv":[1.0,1.25,1.25,4.0],"tintindex":0,"rotation":0,"texture":"#0"},"west":{"uv":[1.0,1.25,1.25,4.0],"tintindex":0,"rotation":0,"texture":"#0"},"up":{"uv":[1.0,1.25,1.25,4.0],"tintindex":0,"rotation":0,"texture":"#0"},"down":{"uv":[1.0,1.25,1.25,4.0],"tintindex":0,"rotation":0,"texture":"#0"}},"rotation":{"origin":[10.078409,9.988766,5.625],"angle":-45.0,"axis":"z"}}],"display":{"gui":{"rotation":[30,225,0]}}}