{"textures":{"0":"modelengine:entity/goblin"},"elements":[{"from":[8.475,2.5,8.375],"to":[9.475,3.5,8.625],"faces":{"east":{"uv":[8.75,6.75,9.0,7.0],"tintindex":0,"rotation":0,"texture":"#0"},"south":{"uv":[8.75,7.0,9.0,7.25],"tintindex":0,"rotation":0,"texture":"#0"},"north":{"uv":[8.75,1.5,9.0,1.75],"tintindex":0,"rotation":0,"texture":"#0"},"west":{"uv":[9.0,0.75,9.25,1.0],"tintindex":0,"rotation":0,"texture":"#0"},"up":{"uv":[9.25,1.25,9.0,1.0],"tintindex":0,"rotation":0,"texture":"#0"},"down":{"uv":[9.25,1.25,9.0,1.5],"tintindex":0,"rotation":0,"texture":"#0"}},"rotation":{"origin":[8.375,3.0,8.0],"angle":45.0,"axis":"z"}},{"from":[7.875,12.0,8.125],"to":[8.125,13.5,8.375],"faces":{"east":{"uv":[7.5,1.0,7.75,1.5],"tintindex":0,"rotation":0,"texture":"#0"},"south":{"uv":[7.5,1.0,7.75,1.5],"tintindex":0,"rotation":0,"texture":"#0"},"north":{"uv":[7.5,1.0,7.75,1.5],"tintindex":0,"rotation":0,"texture":"#0"},"west":{"uv":[7.5,1.0,7.75,1.5],"tintindex":0,"rotation":0,"texture":"#0"},"up":{"uv":[7.5,1.0,7.75,1.5],"tintindex":0,"rotation":0,"texture":"#0"},"down":{"uv":[7.5,1.0,7.75,1.5],"tintindex":0,"rotation":0,"texture":"#0"}},"rotation":{"origin":[8.0,12.75,8.0],"angle":-22.5,"axis":"x"}},{"from":[7.875,12.183037,7.445269],"to":[8.125,13.683037,7.695269],"faces":{"east":{"uv":[8.0,1.0,8.25,1.5],"tintindex":0,"rotation":0,"texture":"#0"},"south":{"uv":[8.0,1.0,8.25,1.5],"tintindex":0,"rotation":0,"texture":"#0"},"north":{"uv":[8.0,1.0,8.25,1.5],"tintindex":0,"rotation":0,"texture":"#0"},"west":{"uv":[8.0,1.0,8.25,1.5],"tintindex":0,"rotation":0,"texture":"#0"},"up":{"uv":[8.0,1.0,8.25,1.5],"tintindex":0,"rotation":0,"texture":"#0"},"down":{"uv":[8.0,1.0,8.25,1.5],"tintindex":0,"rotation":0,"texture":"#0"}},"rotation":{"origin":[8.0,12.433037,7.320269],"angle":22.5,"axis":"x"}},{"from":[8.475,3.0,7.875],"to":[9.475,4.0,8.125],"faces":{"east":{"uv":[8.5,1.5,8.75,1.75],"tintindex":0,"rotation":0,"texture":"#0"},"south":{"uv":[8.5,5.75,8.75,6.0],"tintindex":0,"rotation":0,"texture":"#0"},"north":{"uv":[8.5,1.25,8.75,1.5],"tintindex":0,"rotation":0,"texture":"#0"},"west":{"uv":[8.75,0.75,9.0,1.0],"tintindex":0,"rotation":0,"texture":"#0"},"up":{"uv":[9.0,1.25,8.75,1.0],"tintindex":0,"rotation":0,"texture":"#0"},"down":{"uv":[9.0,1.25,8.75,1.5],"tintindex":0,"rotation":0,"texture":"#0"}},"rotation":{"origin":[8.375,3.0,8.0],"angle":45.0,"axis":"z"}},{"from":[7.875,3.0,7.875],"to":[8.125,13.0,8.125],"faces":{"east":{"uv":[1.0,1.0,1.25,3.5],"tintindex":0,"rotation":0,"texture":"#0"},"south":{"uv":[1.0,1.0,1.25,3.5],"tintindex":0,"rotation":0,"texture":"#0"},"north":{"uv":[1.0,1.0,1.25,3.5],"tintindex":0,"rotation":0,"texture":"#0"},"west":{"uv":[1.0,1.0,1.25,3.5],"tintindex":0,"rotation":0,"texture":"#0"},"up":{"uv":[1.0,1.0,1.25,3.5],"tintindex":0,"rotation":0,"texture":"#0"},"down":{"uv":[1.0,1.0,1.25,3.5],"tintindex":0,"rotation":0,"texture":"#0"}}}],"display":{"gui":{"rotation":[30,225,0]}}}