{"textures":{"0":"modelengine:entity/goblin"},"elements":[{"from":[7.625,7.5,5.0],"to":[8.375,8.5,11.0],"faces":{"east":{"uv":[4.25,10.25,5.75,10.5],"tintindex":0,"rotation":0,"texture":"#0"},"south":{"uv":[2.0,0.25,2.25,0.5],"tintindex":0,"rotation":0,"texture":"#0"},"north":{"uv":[2.0,0.0,2.25,0.25],"tintindex":0,"rotation":0,"texture":"#0"},"west":{"uv":[4.25,10.5,5.75,10.75],"tintindex":0,"rotation":0,"texture":"#0"},"up":{"uv":[1.25,2.0,1.0,0.5],"tintindex":0,"rotation":0,"texture":"#0"},"down":{"uv":[1.5,0.5,1.25,2.0],"tintindex":0,"rotation":0,"texture":"#0"}}}],"display":{"gui":{"rotation":[30,225,0]}}}