{"textures":{"0":"modelengine:entity/goblin"},"elements":[{"from":[7.625,7.503825,11.0],"to":[8.375,8.503825,17.0],"faces":{"east":{"uv":[0.5,2.0,2.0,2.25],"tintindex":0,"rotation":0,"texture":"#0"},"south":{"uv":[0.5,2.0,2.0,2.25],"tintindex":0,"rotation":0,"texture":"#0"},"north":{"uv":[0.5,2.0,2.0,2.25],"tintindex":0,"rotation":0,"texture":"#0"},"west":{"uv":[0.5,2.0,2.0,2.25],"tintindex":0,"rotation":0,"texture":"#0"},"up":{"uv":[0.5,2.0,2.0,2.25],"tintindex":0,"rotation":0,"texture":"#0"},"down":{"uv":[0.5,2.0,2.0,2.25],"tintindex":0,"rotation":0,"texture":"#0"}},"rotation":{"origin":[8.0,6.753825,14.0],"angle":-22.5,"axis":"x"}}],"display":{"gui":{"rotation":[30,225,0]}}}