{"textures":{"0":"modelengine:entity/goblin"},"elements":[{"from":[7.625,8.75,-1.0],"to":[8.375,9.75,5.0],"faces":{"east":{"uv":[0.5,2.25,2.0,2.5],"tintindex":0,"rotation":0,"texture":"#0"},"south":{"uv":[0.5,2.25,2.0,2.5],"tintindex":0,"rotation":0,"texture":"#0"},"north":{"uv":[0.5,2.25,2.0,2.5],"tintindex":0,"rotation":0,"texture":"#0"},"west":{"uv":[0.5,2.25,2.0,2.5],"tintindex":0,"rotation":0,"texture":"#0"},"up":{"uv":[0.5,2.25,2.0,2.5],"tintindex":0,"rotation":0,"texture":"#0"},"down":{"uv":[0.5,2.25,2.0,2.5],"tintindex":0,"rotation":0,"texture":"#0"}},"rotation":{"origin":[8.0,8.0,2.0],"angle":22.5,"axis":"x"}}],"display":{"gui":{"rotation":[30,225,0]}}}