{"textures":{"0":"modelengine:entity/goblin"},"elements":[{"from":[6.625,7.5,8.375],"to":[9.375,8.5,8.625],"faces":{"east":{"uv":[8.0,11.0,8.25,11.25],"tintindex":0,"rotation":0,"texture":"#0"},"south":{"uv":[10.75,9.0,11.5,9.25],"tintindex":0,"rotation":0,"texture":"#0"},"north":{"uv":[10.75,8.75,11.5,9.0],"tintindex":0,"rotation":0,"texture":"#0"},"west":{"uv":[11.0,8.0,11.25,8.25],"tintindex":0,"rotation":0,"texture":"#0"},"up":{"uv":[11.5,9.5,10.75,9.25],"tintindex":0,"rotation":0,"texture":"#0"},"down":{"uv":[11.5,9.5,10.75,9.75],"tintindex":0,"rotation":0,"texture":"#0"}}}],"display":{"gui":{"rotation":[30,225,0]}}}