{"textures":{"0":"modelengine:entity/goblin"},"elements":[{"from":[5.75,7.5625,7.875],"to":[7.0,8.8125,8.125],"faces":{"east":{"uv":[7.75,7.5,8.0,7.75],"tintindex":0,"rotation":0,"texture":"#0"},"south":{"uv":[7.75,7.5,8.0,7.75],"tintindex":0,"rotation":0,"texture":"#0"},"north":{"uv":[7.75,7.5,8.0,7.75],"tintindex":0,"rotation":0,"texture":"#0"},"west":{"uv":[7.75,7.5,8.0,7.75],"tintindex":0,"rotation":0,"texture":"#0"},"up":{"uv":[7.75,7.5,8.0,7.75],"tintindex":0,"rotation":0,"texture":"#0"},"down":{"uv":[7.75,7.5,8.0,7.75],"tintindex":0,"rotation":0,"texture":"#0"}}},{"from":[7.0,6.8125,7.875],"to":[8.25,8.8125,8.125],"faces":{"east":{"uv":[9.5,2.5,9.25,2.25],"tintindex":0,"rotation":0,"texture":"#0"},"south":{"uv":[9.5,2.5,9.25,2.25],"tintindex":0,"rotation":0,"texture":"#0"},"north":{"uv":[9.5,2.5,9.25,2.25],"tintindex":0,"rotation":0,"texture":"#0"},"west":{"uv":[9.5,2.5,9.25,2.25],"tintindex":0,"rotation":0,"texture":"#0"},"up":{"uv":[9.5,2.5,9.25,2.25],"tintindex":0,"rotation":0,"texture":"#0"},"down":{"uv":[9.5,2.5,9.25,2.25],"tintindex":0,"rotation":0,"texture":"#0"}}}],"display":{"gui":{"rotation":[30,225,0]}}}