{"textures":{"0":"modelengine:entity/goblin"},"elements":[{"from":[7.875,7.875,0.0],"to":[8.125,8.125,8.0],"faces":{"east":{"uv":[0.0,0.0,2.0,0.25],"tintindex":0,"rotation":0,"texture":"#0"},"south":{"uv":[1.75,9.0,2.0,9.25],"tintindex":0,"rotation":0,"texture":"#0"},"north":{"uv":[9.0,1.5,9.25,1.75],"tintindex":0,"rotation":0,"texture":"#0"},"west":{"uv":[0.0,0.25,2.0,0.5],"tintindex":0,"rotation":0,"texture":"#0"},"up":{"uv":[0.25,2.5,0.0,0.5],"tintindex":0,"rotation":0,"texture":"#0"},"down":{"uv":[0.5,0.5,0.25,2.5],"tintindex":0,"rotation":0,"texture":"#0"}}}],"display":{"gui":{"rotation":[30,225,0]}}}