{"textures":{"0":"modelengine:entity/goblin"},"elements":[{"from":[7.875,7.875,8.0],"to":[8.125,8.125,16.0],"faces":{"east":{"uv":[0.25,2.0,2.25,2.25],"tintindex":0,"rotation":0,"texture":"#0"},"south":{"uv":[0.25,2.0,2.25,2.25],"tintindex":0,"rotation":0,"texture":"#0"},"north":{"uv":[0.25,2.0,2.25,2.25],"tintindex":0,"rotation":0,"texture":"#0"},"west":{"uv":[0.25,2.0,2.25,2.25],"tintindex":0,"rotation":0,"texture":"#0"},"up":{"uv":[0.25,2.0,2.25,2.25],"tintindex":0,"rotation":0,"texture":"#0"},"down":{"uv":[0.25,2.0,2.25,2.25],"tintindex":0,"rotation":0,"texture":"#0"}}}],"display":{"gui":{"rotation":[30,225,0]}}}