{"textures":{"0":"modelengine:entity/texture5"},"elements":[{"from":[-13.296577,6.1439056,6.5],"to":[9.703425,9.143906,9.5],"faces":{"east":{"uv":[0.0,0.0,6.0,2.0],"tintindex":0,"rotation":0,"texture":"#0"},"south":{"uv":[6.0,0.0,8.0,2.0],"tintindex":0,"rotation":0,"texture":"#0"},"north":{"uv":[4.0,4.0,6.0,6.0],"tintindex":0,"rotation":0,"texture":"#0"},"west":{"uv":[0.0,2.0,6.0,4.0],"tintindex":0,"rotation":0,"texture":"#0"},"up":{"uv":[2.0,10.0,0.0,4.0],"tintindex":0,"rotation":0,"texture":"#0"},"down":{"uv":[4.0,4.0,2.0,10.0],"tintindex":0,"rotation":0,"texture":"#0"}}},{"from":[-8.886637,8.7453575,9.5],"to":[9.446697,9.078691,14.166667],"faces":{"east":{"uv":[0.0,0.0,6.0,2.0],"tintindex":0,"rotation":0,"texture":"#0"},"south":{"uv":[6.0,0.0,8.0,2.0],"tintindex":0,"rotation":0,"texture":"#0"},"north":{"uv":[4.0,4.0,6.0,6.0],"tintindex":0,"rotation":0,"texture":"#0"},"west":{"uv":[0.0,2.0,6.0,4.0],"tintindex":0,"rotation":0,"texture":"#0"},"up":{"uv":[2.0,10.0,0.0,4.0],"tintindex":0,"rotation":0,"texture":"#0"},"down":{"uv":[4.0,4.0,2.0,10.0],"tintindex":0,"rotation":0,"texture":"#0"}}}],"display":{"gui":{"rotation":[30,225,0]}}}