{"textures":{"0":"modelengine:entity/texture6"},"elements":[{"from":[4.75,4.75,7.6666665],"to":[11.25,11.25,19.666666],"faces":{"east":{"uv":[0.0,1.625,1.5,2.4375],"tintindex":0,"rotation":0,"texture":"#0"},"south":{"uv":[2.4375,3.5625,3.25,4.375],"tintindex":0,"rotation":0,"texture":"#0"},"north":{"uv":[1.625,3.5625,2.4375,4.375],"tintindex":0,"rotation":0,"texture":"#0"},"west":{"uv":[1.5,1.625,3.0,2.4375],"tintindex":0,"rotation":0,"texture":"#0"},"up":{"uv":[0.8125,3.9375,0.0,2.4375],"tintindex":0,"rotation":0,"texture":"#0"},"down":{"uv":[1.625,2.4375,0.8125,3.9375],"tintindex":0,"rotation":0,"texture":"#0"}}},{"from":[5.0,5.0,19.666666],"to":[11.0,11.0,23.416666],"faces":{"east":{"uv":[2.1875,6.0625,2.65625,6.8125],"tintindex":0,"rotation":0,"texture":"#0"},"south":{"uv":[4.0625,4.96875,4.8125,5.71875],"tintindex":0,"rotation":0,"texture":"#0"},"north":{"uv":[3.3125,4.96875,4.0625,5.71875],"tintindex":0,"rotation":0,"texture":"#0"},"west":{"uv":[2.65625,6.0625,3.125,6.8125],"tintindex":0,"rotation":0,"texture":"#0"},"up":{"uv":[3.875,6.53125,3.125,6.0625],"tintindex":0,"rotation":0,"texture":"#0"},"down":{"uv":[4.625,6.0625,3.875,6.53125],"tintindex":0,"rotation":0,"texture":"#0"}}},{"from":[7.5,22.0,17.666666],"to":[8.5,23.0,18.666666],"faces":{"east":{"uv":[5.75,8.5625,5.875,8.6875],"tintindex":0,"rotation":0,"texture":"#0"},"south":{"uv":[6.0,8.5625,6.125,8.6875],"tintindex":0,"rotation":0,"texture":"#0"},"north":{"uv":[5.625,8.5625,5.75,8.6875],"tintindex":0,"rotation":0,"texture":"#0"},"west":{"uv":[6.125,8.5625,6.25,8.6875],"tintindex":0,"rotation":0,"texture":"#0"},"up":{"uv":[6.375,8.6875,6.25,8.5625],"tintindex":0,"rotation":0,"texture":"#0"},"down":{"uv":[6.5,8.5625,6.375,8.6875],"tintindex":0,"rotation":0,"texture":"#0"}},"rotation":{"origin":[8.0,10.0,28.916666],"angle":-45.0,"axis":"x"}},{"from":[7.5,24.0,15.666666],"to":[8.5,25.0,16.666666],"faces":{"east":{"uv":[8.5625,8.0625,8.6875,8.1875],"tintindex":0,"rotation":0,"texture":"#0"},"south":{"uv":[8.125,8.5625,8.25,8.6875],"tintindex":0,"rotation":0,"texture":"#0"},"north":{"uv":[6.5,8.5625,6.625,8.6875],"tintindex":0,"rotation":0,"texture":"#0"},"west":{"uv":[8.25,8.5625,8.375,8.6875],"tintindex":0,"rotation":0,"texture":"#0"},"up":{"uv":[8.5,8.6875,8.375,8.5625],"tintindex":0,"rotation":0,"texture":"#0"},"down":{"uv":[8.6875,8.40625,8.5625,8.53125],"tintindex":0,"rotation":0,"texture":"#0"}},"rotation":{"origin":[8.0,10.0,28.916666],"angle":-45.0,"axis":"x"}},{"from":[5.5,5.25,23.416666],"to":[10.5,10.75,25.666666],"faces":{"east":{"uv":[7.125,4.9375,7.40625,5.625],"tintindex":0,"rotation":0,"texture":"#0"},"south":{"uv":[0.6875,5.65625,1.3125,6.34375],"tintindex":0,"rotation":0,"texture":"#0"},"north":{"uv":[5.5625,3.59375,6.1875,4.28125],"tintindex":0,"rotation":0,"texture":"#0"},"west":{"uv":[5.5625,7.125,5.84375,7.8125],"tintindex":0,"rotation":0,"texture":"#0"},"up":{"uv":[7.875,2.84375,7.25,2.5625],"tintindex":0,"rotation":0,"texture":"#0"},"down":{"uv":[7.90625,1.25,7.28125,1.53125],"tintindex":0,"rotation":0,"texture":"#0"}}},{"from":[7.5,15.5,23.916666],"to":[8.5,16.5,24.916666],"faces":{"east":{"uv":[8.53125,6.9375,8.65625,7.0625],"tintindex":0,"rotation":0,"texture":"#0"},"south":{"uv":[2.25,8.5625,2.375,8.6875],"tintindex":0,"rotation":0,"texture":"#0"},"north":{"uv":[8.53125,6.8125,8.65625,6.9375],"tintindex":0,"rotation":0,"texture":"#0"},"west":{"uv":[2.375,8.5625,2.5,8.6875],"tintindex":0,"rotation":0,"texture":"#0"},"up":{"uv":[2.625,8.6875,2.5,8.5625],"tintindex":0,"rotation":0,"texture":"#0"},"down":{"uv":[2.75,8.5625,2.625,8.6875],"tintindex":0,"rotation":0,"texture":"#0"}},"rotation":{"origin":[8.0,10.0,28.916666],"angle":-45.0,"axis":"x"}},{"from":[7.5,19.75,19.916666],"to":[8.5,20.75,20.916666],"faces":{"east":{"uv":[5.0,8.5625,5.125,8.6875],"tintindex":0,"rotation":0,"texture":"#0"},"south":{"uv":[5.125,8.5625,5.25,8.6875],"tintindex":0,"rotation":0,"texture":"#0"},"north":{"uv":[4.875,8.5625,5.0,8.6875],"tintindex":0,"rotation":0,"texture":"#0"},"west":{"uv":[5.25,8.5625,5.375,8.6875],"tintindex":0,"rotation":0,"texture":"#0"},"up":{"uv":[5.5,8.6875,5.375,8.5625],"tintindex":0,"rotation":0,"texture":"#0"},"down":{"uv":[5.625,8.5625,5.5,8.6875],"tintindex":0,"rotation":0,"texture":"#0"}},"rotation":{"origin":[8.0,10.0,28.916666],"angle":-45.0,"axis":"x"}},{"from":[7.5,13.25,25.666666],"to":[8.5,14.25,26.666666],"faces":{"east":{"uv":[6.78125,1.90625,6.90625,2.03125],"tintindex":0,"rotation":0,"texture":"#0"},"south":{"uv":[1.09375,8.53125,1.21875,8.65625],"tintindex":0,"rotation":0,"texture":"#0"},"north":{"uv":[6.625,4.15625,6.75,4.28125],"tintindex":0,"rotation":0,"texture":"#0"},"west":{"uv":[1.21875,8.53125,1.34375,8.65625],"tintindex":0,"rotation":0,"texture":"#0"},"up":{"uv":[6.8125,8.65625,6.6875,8.53125],"tintindex":0,"rotation":0,"texture":"#0"},"down":{"uv":[8.65625,6.6875,8.53125,6.8125],"tintindex":0,"rotation":0,"texture":"#0"}},"rotation":{"origin":[8.0,10.0,28.916666],"angle":-45.0,"axis":"x"}},{"from":[7.5,17.75,21.916666],"to":[8.5,18.75,22.916666],"faces":{"east":{"uv":[2.875,8.5625,3.0,8.6875],"tintindex":0,"rotation":0,"texture":"#0"},"south":{"uv":[3.0,8.5625,3.125,8.6875],"tintindex":0,"rotation":0,"texture":"#0"},"north":{"uv":[2.75,8.5625,2.875,8.6875],"tintindex":0,"rotation":0,"texture":"#0"},"west":{"uv":[3.125,8.5625,3.25,8.6875],"tintindex":0,"rotation":0,"texture":"#0"},"up":{"uv":[4.75,8.6875,4.625,8.5625],"tintindex":0,"rotation":0,"texture":"#0"},"down":{"uv":[4.875,8.5625,4.75,8.6875],"tintindex":0,"rotation":0,"texture":"#0"}},"rotation":{"origin":[8.0,10.0,28.916666],"angle":-45.0,"axis":"x"}}],"display":{"gui":{"rotation":[30,225,0]}}}