{"textures":{"0":"modelengine:entity/texture5"},"elements":[{"from":[4.75,4.75,7.6666665],"to":[11.25,11.25,19.666666],"faces":{"east":{"uv":[0.0,0.0,6.0,2.0],"tintindex":0,"rotation":0,"texture":"#0"},"south":{"uv":[6.0,0.0,8.0,2.0],"tintindex":0,"rotation":0,"texture":"#0"},"north":{"uv":[4.0,4.0,6.0,6.0],"tintindex":0,"rotation":0,"texture":"#0"},"west":{"uv":[0.0,2.0,6.0,4.0],"tintindex":0,"rotation":0,"texture":"#0"},"up":{"uv":[2.0,10.0,0.0,4.0],"tintindex":0,"rotation":0,"texture":"#0"},"down":{"uv":[4.0,4.0,2.0,10.0],"tintindex":0,"rotation":0,"texture":"#0"}}},{"from":[5.0,5.0,19.666666],"to":[11.0,11.0,23.416666],"faces":{"east":{"uv":[0.0,0.0,6.0,2.0],"tintindex":0,"rotation":0,"texture":"#0"},"south":{"uv":[6.0,0.0,8.0,2.0],"tintindex":0,"rotation":0,"texture":"#0"},"north":{"uv":[4.0,4.0,6.0,6.0],"tintindex":0,"rotation":0,"texture":"#0"},"west":{"uv":[0.0,2.0,6.0,4.0],"tintindex":0,"rotation":0,"texture":"#0"},"up":{"uv":[2.0,10.0,0.0,4.0],"tintindex":0,"rotation":0,"texture":"#0"},"down":{"uv":[4.0,4.0,2.0,10.0],"tintindex":0,"rotation":0,"texture":"#0"}}},{"from":[7.5,22.0,17.666666],"to":[8.5,23.0,18.666666],"faces":{"east":{"uv":[0.0,0.0,6.0,2.0],"tintindex":0,"rotation":0,"texture":"#0"},"south":{"uv":[6.0,0.0,8.0,2.0],"tintindex":0,"rotation":0,"texture":"#0"},"north":{"uv":[4.0,4.0,6.0,6.0],"tintindex":0,"rotation":0,"texture":"#0"},"west":{"uv":[0.0,2.0,6.0,4.0],"tintindex":0,"rotation":0,"texture":"#0"},"up":{"uv":[2.0,10.0,0.0,4.0],"tintindex":0,"rotation":0,"texture":"#0"},"down":{"uv":[4.0,4.0,2.0,10.0],"tintindex":0,"rotation":0,"texture":"#0"}},"rotation":{"origin":[8.0,10.0,28.916666],"angle":-45.0,"axis":"x"}},{"from":[7.5,24.0,15.666666],"to":[8.5,25.0,16.666666],"faces":{"east":{"uv":[0.0,0.0,6.0,2.0],"tintindex":0,"rotation":0,"texture":"#0"},"south":{"uv":[6.0,0.0,8.0,2.0],"tintindex":0,"rotation":0,"texture":"#0"},"north":{"uv":[4.0,4.0,6.0,6.0],"tintindex":0,"rotation":0,"texture":"#0"},"west":{"uv":[0.0,2.0,6.0,4.0],"tintindex":0,"rotation":0,"texture":"#0"},"up":{"uv":[2.0,10.0,0.0,4.0],"tintindex":0,"rotation":0,"texture":"#0"},"down":{"uv":[4.0,4.0,2.0,10.0],"tintindex":0,"rotation":0,"texture":"#0"}},"rotation":{"origin":[8.0,10.0,28.916666],"angle":-45.0,"axis":"x"}},{"from":[5.5,5.25,23.416666],"to":[10.5,10.75,25.666666],"faces":{"east":{"uv":[0.0,0.0,6.0,2.0],"tintindex":0,"rotation":0,"texture":"#0"},"south":{"uv":[6.0,0.0,8.0,2.0],"tintindex":0,"rotation":0,"texture":"#0"},"north":{"uv":[4.0,4.0,6.0,6.0],"tintindex":0,"rotation":0,"texture":"#0"},"west":{"uv":[0.0,2.0,6.0,4.0],"tintindex":0,"rotation":0,"texture":"#0"},"up":{"uv":[2.0,10.0,0.0,4.0],"tintindex":0,"rotation":0,"texture":"#0"},"down":{"uv":[4.0,4.0,2.0,10.0],"tintindex":0,"rotation":0,"texture":"#0"}}},{"from":[7.5,15.5,23.916666],"to":[8.5,16.5,24.916666],"faces":{"east":{"uv":[0.0,0.0,6.0,2.0],"tintindex":0,"rotation":0,"texture":"#0"},"south":{"uv":[6.0,0.0,8.0,2.0],"tintindex":0,"rotation":0,"texture":"#0"},"north":{"uv":[4.0,4.0,6.0,6.0],"tintindex":0,"rotation":0,"texture":"#0"},"west":{"uv":[0.0,2.0,6.0,4.0],"tintindex":0,"rotation":0,"texture":"#0"},"up":{"uv":[2.0,10.0,0.0,4.0],"tintindex":0,"rotation":0,"texture":"#0"},"down":{"uv":[4.0,4.0,2.0,10.0],"tintindex":0,"rotation":0,"texture":"#0"}},"rotation":{"origin":[8.0,10.0,28.916666],"angle":-45.0,"axis":"x"}},{"from":[7.5,19.75,19.916666],"to":[8.5,20.75,20.916666],"faces":{"east":{"uv":[0.0,0.0,6.0,2.0],"tintindex":0,"rotation":0,"texture":"#0"},"south":{"uv":[6.0,0.0,8.0,2.0],"tintindex":0,"rotation":0,"texture":"#0"},"north":{"uv":[4.0,4.0,6.0,6.0],"tintindex":0,"rotation":0,"texture":"#0"},"west":{"uv":[0.0,2.0,6.0,4.0],"tintindex":0,"rotation":0,"texture":"#0"},"up":{"uv":[2.0,10.0,0.0,4.0],"tintindex":0,"rotation":0,"texture":"#0"},"down":{"uv":[4.0,4.0,2.0,10.0],"tintindex":0,"rotation":0,"texture":"#0"}},"rotation":{"origin":[8.0,10.0,28.916666],"angle":-45.0,"axis":"x"}},{"from":[7.5,13.25,25.666666],"to":[8.5,14.25,26.666666],"faces":{"east":{"uv":[0.0,0.0,6.0,2.0],"tintindex":0,"rotation":0,"texture":"#0"},"south":{"uv":[6.0,0.0,8.0,2.0],"tintindex":0,"rotation":0,"texture":"#0"},"north":{"uv":[4.0,4.0,6.0,6.0],"tintindex":0,"rotation":0,"texture":"#0"},"west":{"uv":[0.0,2.0,6.0,4.0],"tintindex":0,"rotation":0,"texture":"#0"},"up":{"uv":[2.0,10.0,0.0,4.0],"tintindex":0,"rotation":0,"texture":"#0"},"down":{"uv":[4.0,4.0,2.0,10.0],"tintindex":0,"rotation":0,"texture":"#0"}},"rotation":{"origin":[8.0,10.0,28.916666],"angle":-45.0,"axis":"x"}},{"from":[7.5,17.75,21.916666],"to":[8.5,18.75,22.916666],"faces":{"east":{"uv":[0.0,0.0,6.0,2.0],"tintindex":0,"rotation":0,"texture":"#0"},"south":{"uv":[6.0,0.0,8.0,2.0],"tintindex":0,"rotation":0,"texture":"#0"},"north":{"uv":[4.0,4.0,6.0,6.0],"tintindex":0,"rotation":0,"texture":"#0"},"west":{"uv":[0.0,2.0,6.0,4.0],"tintindex":0,"rotation":0,"texture":"#0"},"up":{"uv":[2.0,10.0,0.0,4.0],"tintindex":0,"rotation":0,"texture":"#0"},"down":{"uv":[4.0,4.0,2.0,10.0],"tintindex":0,"rotation":0,"texture":"#0"}},"rotation":{"origin":[8.0,10.0,28.916666],"angle":-45.0,"axis":"x"}}],"display":{"gui":{"rotation":[30,225,0]}}}