{"textures":{"0":"modelengine:entity/texture6"},"elements":[{"from":[-13.556107,6.650919,1.4341555],"to":[6.9438934,8.650919,3.4341555],"faces":{"east":{"uv":[4.5,8.65625,4.625,8.78125],"tintindex":0,"rotation":0,"texture":"#0"},"south":{"uv":[7.59375,1.53125,8.875,1.65625],"tintindex":0,"rotation":0,"texture":"#0"},"north":{"uv":[7.0625,7.5625,8.34375,7.6875],"tintindex":0,"rotation":0,"texture":"#0"},"west":{"uv":[6.625,8.65625,6.75,8.78125],"tintindex":0,"rotation":0,"texture":"#0"},"up":{"uv":[8.875,1.78125,7.59375,1.65625],"tintindex":0,"rotation":0,"texture":"#0"},"down":{"uv":[8.875,1.78125,7.59375,1.90625],"tintindex":0,"rotation":0,"texture":"#0"}}},{"from":[-12.056107,8.10092,3.4341555],"to":[12.443893,8.60092,16.434155],"faces":{"east":{"uv":[3.625,1.59375,4.4375,1.625],"tintindex":0,"rotation":0,"texture":"#0"},"south":{"uv":[8.28125,2.9375,9.8125,2.96875],"tintindex":0,"rotation":0,"texture":"#0"},"north":{"uv":[7.90625,1.5,9.4375,1.53125],"tintindex":0,"rotation":0,"texture":"#0"},"west":{"uv":[2.5,5.65625,3.3125,5.6875],"tintindex":0,"rotation":0,"texture":"#0"},"up":{"uv":[3.09375,0.8125,1.5625,0.0],"tintindex":0,"rotation":0,"texture":"#0"},"down":{"uv":[3.09375,0.8125,1.5625,1.625],"tintindex":0,"rotation":0,"texture":"#0"}}}],"display":{"gui":{"rotation":[30,225,0]}}}