{"textures":{"0":"modelengine:entity/texture6"},"elements":[{"from":[-1.0,-2.5,-7.0],"to":[17.0,12.5,10.0],"faces":{"east":{"uv":[6.75,5.8125,7.28125,6.28125],"tintindex":0,"rotation":0,"texture":"#0"},"south":{"uv":[6.6875,2.5625,7.25,3.03125],"tintindex":0,"rotation":0,"texture":"#0"},"north":{"uv":[5.5625,6.65625,6.125,7.125],"tintindex":0,"rotation":0,"texture":"#0"},"west":{"uv":[2.5,6.8125,3.03125,7.28125],"tintindex":0,"rotation":0,"texture":"#0"},"up":{"uv":[4.53125,7.0625,3.96875,6.53125],"tintindex":0,"rotation":0,"texture":"#0"},"down":{"uv":[5.5625,6.65625,5.0,7.1875],"tintindex":0,"rotation":0,"texture":"#0"}}}],"display":{"gui":{"rotation":[30,225,0]}}}