{"textures":{"0":"modelengine:entity/texture6"},"elements":[{"from":[6.0,8.5,-5.5],"to":[10.0,11.5,11.5],"faces":{"east":{"uv":[5.25,1.28125,4.71875,1.375],"tintindex":0,"rotation":0,"texture":"#0"},"south":{"uv":[1.25,7.8125,1.125,7.90625],"tintindex":0,"rotation":0,"texture":"#0"},"north":{"uv":[7.03125,6.28125,6.90625,6.375],"tintindex":0,"rotation":0,"texture":"#0"},"west":{"uv":[3.625,1.53125,3.09375,1.625],"tintindex":0,"rotation":0,"texture":"#0"},"up":{"uv":[2.125,8.6875,2.25,8.15625],"tintindex":0,"rotation":0,"texture":"#0"},"down":{"uv":[1.40625,8.375,1.53125,8.90625],"tintindex":0,"rotation":0,"texture":"#0"}},"rotation":{"origin":[8.0,7.0,8.0],"angle":-22.5,"axis":"x"}}],"display":{"gui":{"rotation":[30,225,0]}}}