{"textures":{"0":"modelengine:entity/texture6"},"elements":[{"from":[6.25,8.75,9.75],"to":[9.75,11.25,17.25],"faces":{"east":{"uv":[5.25,1.28125,4.71875,1.375],"tintindex":0,"rotation":0,"texture":"#0"},"south":{"uv":[1.25,7.8125,1.125,7.90625],"tintindex":0,"rotation":0,"texture":"#0"},"north":{"uv":[7.03125,6.28125,6.90625,6.375],"tintindex":0,"rotation":0,"texture":"#0"},"west":{"uv":[3.625,1.53125,3.09375,1.625],"tintindex":0,"rotation":0,"texture":"#0"},"up":{"uv":[2.125,8.6875,2.25,8.15625],"tintindex":0,"rotation":0,"texture":"#0"},"down":{"uv":[1.40625,8.375,1.53125,8.90625],"tintindex":0,"rotation":0,"texture":"#0"}},"rotation":{"origin":[8.0,7.0,8.0],"angle":-45.0,"axis":"x"}},{"from":[6.0,0.5,9.5],"to":[10.0,3.5,16.5],"faces":{"east":{"uv":[6.3125,1.8125,5.78125,1.90625],"tintindex":0,"rotation":0,"texture":"#0"},"south":{"uv":[8.6875,8.1875,8.5625,8.28125],"tintindex":0,"rotation":0,"texture":"#0"},"north":{"uv":[2.375,7.90625,2.25,8.0],"tintindex":0,"rotation":0,"texture":"#0"},"west":{"uv":[5.78125,1.28125,5.25,1.375],"tintindex":0,"rotation":0,"texture":"#0"},"up":{"uv":[4.125,8.9375,4.25,8.40625],"tintindex":0,"rotation":0,"texture":"#0"},"down":{"uv":[4.25,8.40625,4.375,8.9375],"tintindex":0,"rotation":0,"texture":"#0"}},"rotation":{"origin":[8.0,7.0,8.0],"angle":0.0,"axis":"y"}}],"display":{"gui":{"rotation":[30,225,0]}}}