{"textures":{"0":"modelengine:entity/texture6"},"elements":[{"from":[7.0,8.0,4.0],"to":[9.0,10.0,12.0],"faces":{"east":{"uv":[9.28125,0.625,9.75,0.84375],"tintindex":0,"rotation":0,"texture":"#0"},"south":{"uv":[9.28125,0.625,9.75,0.84375],"tintindex":0,"rotation":0,"texture":"#0"},"north":{"uv":[9.28125,0.625,9.75,0.84375],"tintindex":0,"rotation":0,"texture":"#0"},"west":{"uv":[9.28125,0.625,9.75,0.84375],"tintindex":0,"rotation":0,"texture":"#0"},"up":{"uv":[9.28125,0.625,9.75,0.84375],"tintindex":0,"rotation":0,"texture":"#0"},"down":{"uv":[9.28125,0.625,9.75,0.84375],"tintindex":0,"rotation":0,"texture":"#0"}}}],"display":{"gui":{"rotation":[30,225,0]}}}