{"textures":{"0":"modelengine:entity/texture6"},"elements":[{"from":[5.0,-15.687868,3.4583635],"to":[11.0,9.312132,11.458364],"faces":{"east":{"uv":[1.3125,6.84375,1.625,7.5625],"tintindex":0,"rotation":0,"texture":"#0"},"south":{"uv":[5.84375,7.125,6.09375,7.84375],"tintindex":0,"rotation":0,"texture":"#0"},"north":{"uv":[1.9375,6.84375,2.1875,7.5625],"tintindex":0,"rotation":0,"texture":"#0"},"west":{"uv":[1.625,6.84375,1.9375,7.5625],"tintindex":0,"rotation":0,"texture":"#0"},"up":{"uv":[0.6875,6.0,0.4375,5.6875],"tintindex":0,"rotation":0,"texture":"#0"},"down":{"uv":[0.6875,6.0,0.4375,6.3125],"tintindex":0,"rotation":0,"texture":"#0"}}}],"display":{"gui":{"rotation":[30,225,0]}}}