{"textures":{"0":"modelengine:entity/texture6"},"elements":[{"from":[0.0,-12.375469,0.9434366],"to":[10.0,14.624531,14.943438],"faces":{"east":{"uv":[5.3125,5.8125,5.75,6.65625],"tintindex":0,"rotation":0,"texture":"#0"},"south":{"uv":[6.4375,6.75,6.75,7.59375],"tintindex":0,"rotation":0,"texture":"#0"},"north":{"uv":[6.125,6.75,6.4375,7.59375],"tintindex":0,"rotation":0,"texture":"#0"},"west":{"uv":[5.75,5.8125,6.1875,6.65625],"tintindex":0,"rotation":0,"texture":"#0"},"up":{"uv":[7.1875,8.5,6.875,8.0625],"tintindex":0,"rotation":0,"texture":"#0"},"down":{"uv":[7.5,8.0625,7.1875,8.5],"tintindex":0,"rotation":0,"texture":"#0"}}}],"display":{"gui":{"rotation":[30,225,0]}}}