{"textures":{"0":"modelengine:entity/texture6"},"elements":[{"from":[7.25,7.619049,-5.8095245],"to":[8.25,8.619049,-4.8095245],"faces":{"east":{"uv":[8.90625,0.0,8.9375,0.03125],"tintindex":0,"rotation":0,"texture":"#0"},"south":{"uv":[8.90625,0.0,8.9375,0.03125],"tintindex":0,"rotation":0,"texture":"#0"},"north":{"uv":[8.90625,0.0,8.9375,0.03125],"tintindex":0,"rotation":0,"texture":"#0"},"west":{"uv":[8.90625,0.0,8.9375,0.03125],"tintindex":0,"rotation":0,"texture":"#0"},"up":{"uv":[8.90625,0.0,8.9375,0.03125],"tintindex":0,"rotation":0,"texture":"#0"},"down":{"uv":[8.90625,0.0,8.9375,0.03125],"tintindex":0,"rotation":0,"texture":"#0"}}},{"from":[9.75,7.619049,-5.8095245],"to":[11.25,8.619049,-4.8095245],"faces":{"east":{"uv":[8.9375,0.0,8.90625,0.03125],"tintindex":0,"rotation":0,"texture":"#0"},"south":{"uv":[8.9375,0.0,8.90625,0.03125],"tintindex":0,"rotation":0,"texture":"#0"},"north":{"uv":[8.9375,0.0,8.90625,0.03125],"tintindex":0,"rotation":0,"texture":"#0"},"west":{"uv":[8.9375,0.0,8.90625,0.03125],"tintindex":0,"rotation":0,"texture":"#0"},"up":{"uv":[8.9375,0.0,8.90625,0.03125],"tintindex":0,"rotation":0,"texture":"#0"},"down":{"uv":[8.9375,0.0,8.90625,0.03125],"tintindex":0,"rotation":0,"texture":"#0"}}},{"from":[7.75,7.619049,-5.8095245],"to":[8.75,8.619049,-4.8095245],"faces":{"east":{"uv":[8.9375,0.0,8.90625,0.03125],"tintindex":0,"rotation":0,"texture":"#0"},"south":{"uv":[8.9375,0.0,8.90625,0.03125],"tintindex":0,"rotation":0,"texture":"#0"},"north":{"uv":[8.9375,0.0,8.90625,0.03125],"tintindex":0,"rotation":0,"texture":"#0"},"west":{"uv":[8.9375,0.0,8.90625,0.03125],"tintindex":0,"rotation":0,"texture":"#0"},"up":{"uv":[8.9375,0.0,8.90625,0.03125],"tintindex":0,"rotation":0,"texture":"#0"},"down":{"uv":[8.9375,0.0,8.90625,0.03125],"tintindex":0,"rotation":0,"texture":"#0"}}},{"from":[1.0,7.619049,4.1904755],"to":[2.0,8.619049,5.1904755],"faces":{"east":{"uv":[8.90625,0.0,8.9375,0.03125],"tintindex":0,"rotation":0,"texture":"#0"},"south":{"uv":[8.90625,0.0,8.9375,0.03125],"tintindex":0,"rotation":0,"texture":"#0"},"north":{"uv":[8.90625,0.0,8.9375,0.03125],"tintindex":0,"rotation":0,"texture":"#0"},"west":{"uv":[8.90625,0.0,8.9375,0.03125],"tintindex":0,"rotation":0,"texture":"#0"},"up":{"uv":[8.90625,0.0,8.9375,0.03125],"tintindex":0,"rotation":0,"texture":"#0"},"down":{"uv":[8.90625,0.0,8.9375,0.03125],"tintindex":0,"rotation":0,"texture":"#0"}}},{"from":[1.0,7.619049,0.19047546],"to":[2.0,8.619049,1.1904755],"faces":{"east":{"uv":[8.90625,0.0,8.9375,0.03125],"tintindex":0,"rotation":0,"texture":"#0"},"south":{"uv":[8.90625,0.0,8.9375,0.03125],"tintindex":0,"rotation":0,"texture":"#0"},"north":{"uv":[8.90625,0.0,8.9375,0.03125],"tintindex":0,"rotation":0,"texture":"#0"},"west":{"uv":[8.90625,0.0,8.9375,0.03125],"tintindex":0,"rotation":0,"texture":"#0"},"up":{"uv":[8.90625,0.0,8.9375,0.03125],"tintindex":0,"rotation":0,"texture":"#0"},"down":{"uv":[8.90625,0.0,8.9375,0.03125],"tintindex":0,"rotation":0,"texture":"#0"}}},{"from":[1.0,7.619049,6.1904755],"to":[2.0,8.619049,7.1904755],"faces":{"east":{"uv":[8.90625,0.0,8.9375,0.03125],"tintindex":0,"rotation":0,"texture":"#0"},"south":{"uv":[8.90625,0.0,8.9375,0.03125],"tintindex":0,"rotation":0,"texture":"#0"},"north":{"uv":[8.90625,0.0,8.9375,0.03125],"tintindex":0,"rotation":0,"texture":"#0"},"west":{"uv":[8.90625,0.0,8.9375,0.03125],"tintindex":0,"rotation":0,"texture":"#0"},"up":{"uv":[8.90625,0.0,8.9375,0.03125],"tintindex":0,"rotation":0,"texture":"#0"},"down":{"uv":[8.90625,0.0,8.9375,0.03125],"tintindex":0,"rotation":0,"texture":"#0"}}},{"from":[1.0,7.619049,-5.8095245],"to":[2.0,8.619049,-4.8095245],"faces":{"east":{"uv":[8.90625,0.0,8.9375,0.03125],"tintindex":0,"rotation":0,"texture":"#0"},"south":{"uv":[8.90625,0.0,8.9375,0.03125],"tintindex":0,"rotation":0,"texture":"#0"},"north":{"uv":[8.90625,0.0,8.9375,0.03125],"tintindex":0,"rotation":0,"texture":"#0"},"west":{"uv":[8.90625,0.0,8.9375,0.03125],"tintindex":0,"rotation":0,"texture":"#0"},"up":{"uv":[8.90625,0.0,8.9375,0.03125],"tintindex":0,"rotation":0,"texture":"#0"},"down":{"uv":[8.90625,0.0,8.9375,0.03125],"tintindex":0,"rotation":0,"texture":"#0"}}},{"from":[14.0,7.619049,-5.8095245],"to":[15.0,8.619049,-4.8095245],"faces":{"east":{"uv":[8.9375,0.0,8.90625,0.03125],"tintindex":0,"rotation":0,"texture":"#0"},"south":{"uv":[8.9375,0.0,8.90625,0.03125],"tintindex":0,"rotation":0,"texture":"#0"},"north":{"uv":[8.9375,0.0,8.90625,0.03125],"tintindex":0,"rotation":0,"texture":"#0"},"west":{"uv":[8.9375,0.0,8.90625,0.03125],"tintindex":0,"rotation":0,"texture":"#0"},"up":{"uv":[8.9375,0.0,8.90625,0.03125],"tintindex":0,"rotation":0,"texture":"#0"},"down":{"uv":[8.9375,0.0,8.90625,0.03125],"tintindex":0,"rotation":0,"texture":"#0"}}},{"from":[11.75,7.619049,-5.8095245],"to":[13.25,8.619049,-4.8095245],"faces":{"east":{"uv":[8.9375,0.0,8.90625,0.03125],"tintindex":0,"rotation":0,"texture":"#0"},"south":{"uv":[8.9375,0.0,8.90625,0.03125],"tintindex":0,"rotation":0,"texture":"#0"},"north":{"uv":[8.9375,0.0,8.90625,0.03125],"tintindex":0,"rotation":0,"texture":"#0"},"west":{"uv":[8.9375,0.0,8.90625,0.03125],"tintindex":0,"rotation":0,"texture":"#0"},"up":{"uv":[8.9375,0.0,8.90625,0.03125],"tintindex":0,"rotation":0,"texture":"#0"},"down":{"uv":[8.9375,0.0,8.90625,0.03125],"tintindex":0,"rotation":0,"texture":"#0"}}},{"from":[1.0,3.619049,-5.8095245],"to":[15.0,7.619049,8.190475],"faces":{"east":{"uv":[0.53125,8.3125,0.96875,8.46875],"tintindex":0,"rotation":0,"texture":"#0"},"south":{"uv":[0.96875,8.375,1.40625,8.53125],"tintindex":0,"rotation":0,"texture":"#0"},"north":{"uv":[6.78125,2.03125,7.21875,2.1875],"tintindex":0,"rotation":0,"texture":"#0"},"west":{"uv":[6.0,8.375,6.4375,8.53125],"tintindex":0,"rotation":0,"texture":"#0"},"up":{"uv":[1.59375,4.375,1.15625,3.9375],"tintindex":0,"rotation":0,"texture":"#0"},"down":{"uv":[7.625,0.0,7.1875,0.4375],"tintindex":0,"rotation":0,"texture":"#0"}}},{"from":[1.0,7.619049,-3.8095245],"to":[2.0,8.619049,-2.8095245],"faces":{"east":{"uv":[8.90625,0.0,8.9375,0.03125],"tintindex":0,"rotation":0,"texture":"#0"},"south":{"uv":[8.90625,0.0,8.9375,0.03125],"tintindex":0,"rotation":0,"texture":"#0"},"north":{"uv":[8.90625,0.0,8.9375,0.03125],"tintindex":0,"rotation":0,"texture":"#0"},"west":{"uv":[8.90625,0.0,8.9375,0.03125],"tintindex":0,"rotation":0,"texture":"#0"},"up":{"uv":[8.90625,0.0,8.9375,0.03125],"tintindex":0,"rotation":0,"texture":"#0"},"down":{"uv":[8.90625,0.0,8.9375,0.03125],"tintindex":0,"rotation":0,"texture":"#0"}}},{"from":[1.0,7.619049,2.1904755],"to":[2.0,8.619049,3.1904755],"faces":{"east":{"uv":[8.90625,0.0,8.9375,0.03125],"tintindex":0,"rotation":0,"texture":"#0"},"south":{"uv":[8.90625,0.0,8.9375,0.03125],"tintindex":0,"rotation":0,"texture":"#0"},"north":{"uv":[8.90625,0.0,8.9375,0.03125],"tintindex":0,"rotation":0,"texture":"#0"},"west":{"uv":[8.90625,0.0,8.9375,0.03125],"tintindex":0,"rotation":0,"texture":"#0"},"up":{"uv":[8.90625,0.0,8.9375,0.03125],"tintindex":0,"rotation":0,"texture":"#0"},"down":{"uv":[8.90625,0.0,8.9375,0.03125],"tintindex":0,"rotation":0,"texture":"#0"}}},{"from":[14.0,7.619049,6.1904755],"to":[15.0,8.619049,7.1904755],"faces":{"east":{"uv":[8.9375,0.0,8.90625,0.03125],"tintindex":0,"rotation":0,"texture":"#0"},"south":{"uv":[8.9375,0.0,8.90625,0.03125],"tintindex":0,"rotation":0,"texture":"#0"},"north":{"uv":[8.9375,0.0,8.90625,0.03125],"tintindex":0,"rotation":0,"texture":"#0"},"west":{"uv":[8.9375,0.0,8.90625,0.03125],"tintindex":0,"rotation":0,"texture":"#0"},"up":{"uv":[8.9375,0.0,8.90625,0.03125],"tintindex":0,"rotation":0,"texture":"#0"},"down":{"uv":[8.9375,0.0,8.90625,0.03125],"tintindex":0,"rotation":0,"texture":"#0"}}},{"from":[14.0,7.619049,-3.8095245],"to":[15.0,8.619049,-2.8095245],"faces":{"east":{"uv":[8.9375,0.0,8.90625,0.03125],"tintindex":0,"rotation":0,"texture":"#0"},"south":{"uv":[8.9375,0.0,8.90625,0.03125],"tintindex":0,"rotation":0,"texture":"#0"},"north":{"uv":[8.9375,0.0,8.90625,0.03125],"tintindex":0,"rotation":0,"texture":"#0"},"west":{"uv":[8.9375,0.0,8.90625,0.03125],"tintindex":0,"rotation":0,"texture":"#0"},"up":{"uv":[8.9375,0.0,8.90625,0.03125],"tintindex":0,"rotation":0,"texture":"#0"},"down":{"uv":[8.9375,0.0,8.90625,0.03125],"tintindex":0,"rotation":0,"texture":"#0"}}},{"from":[14.0,7.619049,0.19047546],"to":[15.0,8.619049,1.1904755],"faces":{"east":{"uv":[8.9375,0.0,8.90625,0.03125],"tintindex":0,"rotation":0,"texture":"#0"},"south":{"uv":[8.9375,0.0,8.90625,0.03125],"tintindex":0,"rotation":0,"texture":"#0"},"north":{"uv":[8.9375,0.0,8.90625,0.03125],"tintindex":0,"rotation":0,"texture":"#0"},"west":{"uv":[8.9375,0.0,8.90625,0.03125],"tintindex":0,"rotation":0,"texture":"#0"},"up":{"uv":[8.9375,0.0,8.90625,0.03125],"tintindex":0,"rotation":0,"texture":"#0"},"down":{"uv":[8.9375,0.0,8.90625,0.03125],"tintindex":0,"rotation":0,"texture":"#0"}}},{"from":[14.0,7.619049,4.1904755],"to":[15.0,8.619049,5.1904755],"faces":{"east":{"uv":[8.9375,0.0,8.90625,0.03125],"tintindex":0,"rotation":0,"texture":"#0"},"south":{"uv":[8.9375,0.0,8.90625,0.03125],"tintindex":0,"rotation":0,"texture":"#0"},"north":{"uv":[8.9375,0.0,8.90625,0.03125],"tintindex":0,"rotation":0,"texture":"#0"},"west":{"uv":[8.9375,0.0,8.90625,0.03125],"tintindex":0,"rotation":0,"texture":"#0"},"up":{"uv":[8.9375,0.0,8.90625,0.03125],"tintindex":0,"rotation":0,"texture":"#0"},"down":{"uv":[8.9375,0.0,8.90625,0.03125],"tintindex":0,"rotation":0,"texture":"#0"}}},{"from":[14.0,7.619049,-1.8095245],"to":[15.0,8.619049,-0.80952454],"faces":{"east":{"uv":[8.9375,0.0,8.90625,0.03125],"tintindex":0,"rotation":0,"texture":"#0"},"south":{"uv":[8.9375,0.0,8.90625,0.03125],"tintindex":0,"rotation":0,"texture":"#0"},"north":{"uv":[8.9375,0.0,8.90625,0.03125],"tintindex":0,"rotation":0,"texture":"#0"},"west":{"uv":[8.9375,0.0,8.90625,0.03125],"tintindex":0,"rotation":0,"texture":"#0"},"up":{"uv":[8.9375,0.0,8.90625,0.03125],"tintindex":0,"rotation":0,"texture":"#0"},"down":{"uv":[8.9375,0.0,8.90625,0.03125],"tintindex":0,"rotation":0,"texture":"#0"}}},{"from":[14.0,7.619049,2.1904755],"to":[15.0,8.619049,3.1904755],"faces":{"east":{"uv":[8.9375,0.0,8.90625,0.03125],"tintindex":0,"rotation":0,"texture":"#0"},"south":{"uv":[8.9375,0.0,8.90625,0.03125],"tintindex":0,"rotation":0,"texture":"#0"},"north":{"uv":[8.9375,0.0,8.90625,0.03125],"tintindex":0,"rotation":0,"texture":"#0"},"west":{"uv":[8.9375,0.0,8.90625,0.03125],"tintindex":0,"rotation":0,"texture":"#0"},"up":{"uv":[8.9375,0.0,8.90625,0.03125],"tintindex":0,"rotation":0,"texture":"#0"},"down":{"uv":[8.9375,0.0,8.90625,0.03125],"tintindex":0,"rotation":0,"texture":"#0"}}},{"from":[1.0,7.619049,-1.8095245],"to":[2.0,8.619049,-0.80952454],"faces":{"east":{"uv":[8.90625,0.0,8.9375,0.03125],"tintindex":0,"rotation":0,"texture":"#0"},"south":{"uv":[8.90625,0.0,8.9375,0.03125],"tintindex":0,"rotation":0,"texture":"#0"},"north":{"uv":[8.90625,0.0,8.9375,0.03125],"tintindex":0,"rotation":0,"texture":"#0"},"west":{"uv":[8.90625,0.0,8.9375,0.03125],"tintindex":0,"rotation":0,"texture":"#0"},"up":{"uv":[8.90625,0.0,8.9375,0.03125],"tintindex":0,"rotation":0,"texture":"#0"},"down":{"uv":[8.90625,0.0,8.9375,0.03125],"tintindex":0,"rotation":0,"texture":"#0"}}},{"from":[2.75,7.619049,-5.8095245],"to":[4.25,8.619049,-4.8095245],"faces":{"east":{"uv":[8.90625,0.0,8.9375,0.03125],"tintindex":0,"rotation":0,"texture":"#0"},"south":{"uv":[8.90625,0.0,8.9375,0.03125],"tintindex":0,"rotation":0,"texture":"#0"},"north":{"uv":[8.90625,0.0,8.9375,0.03125],"tintindex":0,"rotation":0,"texture":"#0"},"west":{"uv":[8.90625,0.0,8.9375,0.03125],"tintindex":0,"rotation":0,"texture":"#0"},"up":{"uv":[8.90625,0.0,8.9375,0.03125],"tintindex":0,"rotation":0,"texture":"#0"},"down":{"uv":[8.90625,0.0,8.9375,0.03125],"tintindex":0,"rotation":0,"texture":"#0"}}},{"from":[4.75,7.619049,-5.8095245],"to":[6.25,8.619049,-4.8095245],"faces":{"east":{"uv":[8.90625,0.0,8.9375,0.03125],"tintindex":0,"rotation":0,"texture":"#0"},"south":{"uv":[8.90625,0.0,8.9375,0.03125],"tintindex":0,"rotation":0,"texture":"#0"},"north":{"uv":[8.90625,0.0,8.9375,0.03125],"tintindex":0,"rotation":0,"texture":"#0"},"west":{"uv":[8.90625,0.0,8.9375,0.03125],"tintindex":0,"rotation":0,"texture":"#0"},"up":{"uv":[8.90625,0.0,8.9375,0.03125],"tintindex":0,"rotation":0,"texture":"#0"},"down":{"uv":[8.90625,0.0,8.9375,0.03125],"tintindex":0,"rotation":0,"texture":"#0"}}}],"display":{"gui":{"rotation":[30,225,0]}}}