{"textures":{"0":"modelengine:entity/texture6"},"elements":[{"from":[6.5,6.7357025,-5.379595],"to":[9.5,9.7357025,-3.3795948],"faces":{"east":{"uv":[1.125,8.1875,0.53125,8.3125],"tintindex":0,"rotation":0,"texture":"#0"},"south":{"uv":[5.53125,8.4375,5.15625,8.5625],"tintindex":0,"rotation":0,"texture":"#0"},"north":{"uv":[0.375,7.375,0.0,7.5],"tintindex":0,"rotation":0,"texture":"#0"},"west":{"uv":[5.0,7.71875,4.40625,7.84375],"tintindex":0,"rotation":0,"texture":"#0"},"up":{"uv":[6.90625,2.03125,7.28125,1.4375],"tintindex":0,"rotation":0,"texture":"#0"},"down":{"uv":[3.03125,6.90625,3.40625,7.5],"tintindex":0,"rotation":0,"texture":"#0"}}},{"from":[6.5,6.7357025,-3.3795948],"to":[9.5,9.7357025,15.620404],"faces":{"east":{"uv":[0.5625,3.15625,0.1875,3.28125],"tintindex":0,"rotation":0,"texture":"#0"},"south":{"uv":[0.5625,3.15625,0.1875,3.28125],"tintindex":0,"rotation":0,"texture":"#0"},"north":{"uv":[0.5625,3.15625,0.1875,3.28125],"tintindex":0,"rotation":0,"texture":"#0"},"west":{"uv":[0.5625,3.15625,0.1875,3.28125],"tintindex":0,"rotation":0,"texture":"#0"},"up":{"uv":[0.5625,3.15625,0.1875,3.28125],"tintindex":0,"rotation":0,"texture":"#0"},"down":{"uv":[0.5625,3.15625,0.1875,3.28125],"tintindex":0,"rotation":0,"texture":"#0"}}},{"from":[13.0,6.7357025,-5.379595],"to":[16.0,9.7357025,-2.3795967],"faces":{"east":{"uv":[0.6875,8.1875,0.53125,8.28125],"tintindex":0,"rotation":0,"texture":"#0"},"south":{"uv":[0.6875,8.1875,0.53125,8.28125],"tintindex":0,"rotation":0,"texture":"#0"},"north":{"uv":[0.6875,8.1875,0.53125,8.28125],"tintindex":0,"rotation":0,"texture":"#0"},"west":{"uv":[0.6875,8.1875,0.53125,8.28125],"tintindex":0,"rotation":0,"texture":"#0"},"up":{"uv":[0.6875,8.1875,0.53125,8.28125],"tintindex":0,"rotation":0,"texture":"#0"},"down":{"uv":[0.6875,8.1875,0.53125,8.28125],"tintindex":0,"rotation":0,"texture":"#0"}}},{"from":[0.0,6.7357025,-5.379595],"to":[3.0,9.7357025,-2.3795967],"faces":{"east":{"uv":[1.125,8.1875,0.53125,8.3125],"tintindex":0,"rotation":0,"texture":"#0"},"south":{"uv":[5.53125,8.4375,5.15625,8.5625],"tintindex":0,"rotation":0,"texture":"#0"},"north":{"uv":[0.375,7.375,0.0,7.5],"tintindex":0,"rotation":0,"texture":"#0"},"west":{"uv":[5.0,7.71875,4.40625,7.84375],"tintindex":0,"rotation":0,"texture":"#0"},"up":{"uv":[6.90625,2.03125,7.28125,1.4375],"tintindex":0,"rotation":0,"texture":"#0"},"down":{"uv":[3.03125,6.90625,3.40625,7.5],"tintindex":0,"rotation":0,"texture":"#0"}}},{"from":[10.0,6.7357025,-3.3795948],"to":[13.0,9.7357025,15.620404],"faces":{"east":{"uv":[0.625,3.25,0.25,3.375],"tintindex":0,"rotation":0,"texture":"#0"},"south":{"uv":[0.625,3.25,0.25,3.375],"tintindex":0,"rotation":0,"texture":"#0"},"north":{"uv":[0.625,3.25,0.25,3.375],"tintindex":0,"rotation":0,"texture":"#0"},"west":{"uv":[0.625,3.25,0.25,3.375],"tintindex":0,"rotation":0,"texture":"#0"},"up":{"uv":[0.625,3.25,0.25,3.375],"tintindex":0,"rotation":0,"texture":"#0"},"down":{"uv":[0.625,3.25,0.25,3.375],"tintindex":0,"rotation":0,"texture":"#0"}},"rotation":{"origin":[12.5,8.2357025,6.1204042],"angle":-22.5,"axis":"y"}},{"from":[3.0,6.7357025,-3.3795948],"to":[6.0,9.7357025,15.620404],"faces":{"east":{"uv":[0.78125,3.0,0.40625,3.125],"tintindex":0,"rotation":0,"texture":"#0"},"south":{"uv":[0.78125,3.0,0.40625,3.125],"tintindex":0,"rotation":0,"texture":"#0"},"north":{"uv":[0.78125,3.0,0.40625,3.125],"tintindex":0,"rotation":0,"texture":"#0"},"west":{"uv":[0.78125,3.0,0.40625,3.125],"tintindex":0,"rotation":0,"texture":"#0"},"up":{"uv":[0.78125,3.0,0.40625,3.125],"tintindex":0,"rotation":0,"texture":"#0"},"down":{"uv":[0.78125,3.0,0.40625,3.125],"tintindex":0,"rotation":0,"texture":"#0"}},"rotation":{"origin":[3.5,8.2357025,6.1204042],"angle":22.5,"axis":"y"}},{"from":[0.0,2.7357025,-9.379595],"to":[3.0,5.7357025,-4.379595],"faces":{"east":{"uv":[6.90625,1.53125,7.0625,1.4375],"tintindex":0,"rotation":0,"texture":"#0"},"south":{"uv":[6.90625,1.53125,7.0625,1.4375],"tintindex":0,"rotation":0,"texture":"#0"},"north":{"uv":[6.90625,1.53125,7.0625,1.4375],"tintindex":0,"rotation":0,"texture":"#0"},"west":{"uv":[6.90625,1.53125,7.0625,1.4375],"tintindex":0,"rotation":0,"texture":"#0"},"up":{"uv":[6.90625,1.53125,7.0625,1.4375],"tintindex":0,"rotation":0,"texture":"#0"},"down":{"uv":[6.90625,1.53125,7.0625,1.4375],"tintindex":0,"rotation":0,"texture":"#0"}},"rotation":{"origin":[7.0,8.2357025,-9.879595],"angle":-45.0,"axis":"x"}},{"from":[13.0,2.7357025,-9.379595],"to":[16.0,5.7357025,-4.379595],"faces":{"east":{"uv":[0.625,8.1875,0.53125,8.34375],"tintindex":0,"rotation":0,"texture":"#0"},"south":{"uv":[0.625,8.1875,0.53125,8.34375],"tintindex":0,"rotation":0,"texture":"#0"},"north":{"uv":[0.625,8.1875,0.53125,8.34375],"tintindex":0,"rotation":0,"texture":"#0"},"west":{"uv":[0.625,8.1875,0.53125,8.34375],"tintindex":0,"rotation":0,"texture":"#0"},"up":{"uv":[0.625,8.1875,0.53125,8.34375],"tintindex":0,"rotation":0,"texture":"#0"},"down":{"uv":[0.625,8.1875,0.53125,8.34375],"tintindex":0,"rotation":0,"texture":"#0"}},"rotation":{"origin":[9.0,8.2357025,-9.879595],"angle":-45.0,"axis":"x"}},{"from":[6.5,2.7357025,-9.379595],"to":[9.5,5.7357025,-4.379595],"faces":{"east":{"uv":[6.90625,1.59375,7.0,1.4375],"tintindex":0,"rotation":0,"texture":"#0"},"south":{"uv":[6.90625,1.59375,7.0,1.4375],"tintindex":0,"rotation":0,"texture":"#0"},"north":{"uv":[6.90625,1.59375,7.0,1.4375],"tintindex":0,"rotation":0,"texture":"#0"},"west":{"uv":[6.90625,1.59375,7.0,1.4375],"tintindex":0,"rotation":0,"texture":"#0"},"up":{"uv":[6.90625,1.59375,7.0,1.4375],"tintindex":0,"rotation":0,"texture":"#0"},"down":{"uv":[6.90625,1.59375,7.0,1.4375],"tintindex":0,"rotation":0,"texture":"#0"}},"rotation":{"origin":[8.0,8.2357025,-9.879595],"angle":-45.0,"axis":"x"}}],"display":{"gui":{"rotation":[30,225,0]}}}