{"textures":{"0":"modelengine:entity/texture6"},"elements":[{"from":[3.750763,5.2944794,18.293913],"to":[7.750763,9.294479,27.293913],"faces":{"east":{"uv":[7.03125,4.5,6.75,4.625],"tintindex":0,"rotation":0,"texture":"#0"},"south":{"uv":[1.0625,8.65625,0.9375,8.78125],"tintindex":0,"rotation":0,"texture":"#0"},"north":{"uv":[8.75,8.53125,8.625,8.65625],"tintindex":0,"rotation":0,"texture":"#0"},"west":{"uv":[5.28125,6.5,5.0,6.625],"tintindex":0,"rotation":0,"texture":"#0"},"up":{"uv":[4.40625,7.34375,4.53125,7.0625],"tintindex":0,"rotation":0,"texture":"#0"},"down":{"uv":[0.0,8.46875,0.125,8.75],"tintindex":0,"rotation":0,"texture":"#0"}},"rotation":{"origin":[5.072983,10.0,9.880589],"angle":0.0,"axis":"z"}},{"from":[1.9096909,5.2944794,17.804953],"to":[6.909691,9.294479,20.804953],"faces":{"east":{"uv":[6.6875,2.5625,6.59375,2.6875],"tintindex":0,"rotation":0,"texture":"#0"},"south":{"uv":[7.96875,8.5,7.8125,8.625],"tintindex":0,"rotation":0,"texture":"#0"},"north":{"uv":[7.28125,5.625,7.125,5.75],"tintindex":0,"rotation":0,"texture":"#0"},"west":{"uv":[3.34375,2.96875,3.25,3.09375],"tintindex":0,"rotation":0,"texture":"#0"},"up":{"uv":[6.75,6.375,6.90625,6.28125],"tintindex":0,"rotation":0,"texture":"#0"},"down":{"uv":[7.21875,2.09375,7.375,2.1875],"tintindex":0,"rotation":0,"texture":"#0"}},"rotation":{"origin":[5.072983,10.0,9.880589],"angle":22.5,"axis":"y"}}],"display":{"gui":{"rotation":[30,225,0]}}}