{"textures":{"0":"modelengine:entity/texture6"},"elements":[{"from":[6.0,-12.375469,0.9434366],"to":[16.0,14.624531,14.943438],"faces":{"east":{"uv":[1.3125,6.0,1.75,6.84375],"tintindex":0,"rotation":0,"texture":"#0"},"south":{"uv":[2.1875,6.8125,2.5,7.65625],"tintindex":0,"rotation":0,"texture":"#0"},"north":{"uv":[6.75,6.75,7.0625,7.59375],"tintindex":0,"rotation":0,"texture":"#0"},"west":{"uv":[1.75,6.0,2.1875,6.84375],"tintindex":0,"rotation":0,"texture":"#0"},"up":{"uv":[7.8125,8.5,7.5,8.0625],"tintindex":0,"rotation":0,"texture":"#0"},"down":{"uv":[8.125,8.0625,7.8125,8.5],"tintindex":0,"rotation":0,"texture":"#0"}}}],"display":{"gui":{"rotation":[30,225,0]}}}