{"textures":{"0":"modelengine:entity/texture6"},"elements":[{"from":[7.0,-1.5,10.5],"to":[9.0,0.5,12.5],"faces":{"east":{"uv":[1.125,8.78125,1.25,8.90625],"tintindex":0,"rotation":0,"texture":"#0"},"south":{"uv":[1.25,8.78125,1.375,8.90625],"tintindex":0,"rotation":0,"texture":"#0"},"north":{"uv":[1.0,8.78125,1.125,8.90625],"tintindex":0,"rotation":0,"texture":"#0"},"west":{"uv":[3.15625,8.78125,3.28125,8.90625],"tintindex":0,"rotation":0,"texture":"#0"},"up":{"uv":[3.40625,8.90625,3.28125,8.78125],"tintindex":0,"rotation":0,"texture":"#0"},"down":{"uv":[3.53125,8.78125,3.40625,8.90625],"tintindex":0,"rotation":0,"texture":"#0"}},"rotation":{"origin":[8.0,12.0,1.0],"angle":-45.0,"axis":"x"}},{"from":[5.5,5.5,8.0],"to":[10.5,10.5,21.5],"faces":{"east":{"uv":[6.6875,3.03125,7.53125,3.34375],"tintindex":0,"rotation":0,"texture":"#0"},"south":{"uv":[3.8125,8.125,4.125,8.4375],"tintindex":0,"rotation":0,"texture":"#0"},"north":{"uv":[3.5,8.125,3.8125,8.4375],"tintindex":0,"rotation":0,"texture":"#0"},"west":{"uv":[6.75,3.34375,7.59375,3.65625],"tintindex":0,"rotation":0,"texture":"#0"},"up":{"uv":[1.3125,7.5625,1.0,6.71875],"tintindex":0,"rotation":0,"texture":"#0"},"down":{"uv":[7.0625,3.65625,6.75,4.5],"tintindex":0,"rotation":0,"texture":"#0"}}},{"from":[7.0,2.0,7.0],"to":[9.0,4.0,9.0],"faces":{"east":{"uv":[7.8125,8.75,7.9375,8.875],"tintindex":0,"rotation":0,"texture":"#0"},"south":{"uv":[7.9375,8.75,8.0625,8.875],"tintindex":0,"rotation":0,"texture":"#0"},"north":{"uv":[7.25,8.75,7.375,8.875],"tintindex":0,"rotation":0,"texture":"#0"},"west":{"uv":[8.75,8.53125,8.875,8.65625],"tintindex":0,"rotation":0,"texture":"#0"},"up":{"uv":[8.875,8.78125,8.75,8.65625],"tintindex":0,"rotation":0,"texture":"#0"},"down":{"uv":[1.0,8.78125,0.875,8.90625],"tintindex":0,"rotation":0,"texture":"#0"}},"rotation":{"origin":[8.0,12.0,1.0],"angle":-45.0,"axis":"x"}}],"display":{"gui":{"rotation":[30,225,0]}}}