{"textures":{"0":"modelengine:entity/texture6"},"elements":[{"from":[14.0,2.5,6.0],"to":[15.0,3.5,7.0],"faces":{"east":{"uv":[8.9375,0.0,8.90625,0.03125],"tintindex":0,"rotation":0,"texture":"#0"},"south":{"uv":[8.9375,0.0,8.90625,0.03125],"tintindex":0,"rotation":0,"texture":"#0"},"north":{"uv":[8.9375,0.0,8.90625,0.03125],"tintindex":0,"rotation":0,"texture":"#0"},"west":{"uv":[8.9375,0.0,8.90625,0.03125],"tintindex":0,"rotation":0,"texture":"#0"},"up":{"uv":[8.9375,0.0,8.90625,0.03125],"tintindex":0,"rotation":0,"texture":"#0"},"down":{"uv":[8.9375,0.0,8.90625,0.03125],"tintindex":0,"rotation":0,"texture":"#0"}}},{"from":[14.0,2.5,-6.0],"to":[15.0,3.5,-5.0],"faces":{"east":{"uv":[8.9375,0.0,8.90625,0.03125],"tintindex":0,"rotation":0,"texture":"#0"},"south":{"uv":[8.9375,0.0,8.90625,0.03125],"tintindex":0,"rotation":0,"texture":"#0"},"north":{"uv":[8.9375,0.0,8.90625,0.03125],"tintindex":0,"rotation":0,"texture":"#0"},"west":{"uv":[8.9375,0.0,8.90625,0.03125],"tintindex":0,"rotation":0,"texture":"#0"},"up":{"uv":[8.9375,0.0,8.90625,0.03125],"tintindex":0,"rotation":0,"texture":"#0"},"down":{"uv":[8.9375,0.0,8.90625,0.03125],"tintindex":0,"rotation":0,"texture":"#0"}}},{"from":[9.75,2.5,-8.0],"to":[11.25,3.5,-7.0],"faces":{"east":{"uv":[8.9375,0.0,8.90625,0.03125],"tintindex":0,"rotation":0,"texture":"#0"},"south":{"uv":[8.9375,0.0,8.90625,0.03125],"tintindex":0,"rotation":0,"texture":"#0"},"north":{"uv":[8.9375,0.0,8.90625,0.03125],"tintindex":0,"rotation":0,"texture":"#0"},"west":{"uv":[8.9375,0.0,8.90625,0.03125],"tintindex":0,"rotation":0,"texture":"#0"},"up":{"uv":[8.9375,0.0,8.90625,0.03125],"tintindex":0,"rotation":0,"texture":"#0"},"down":{"uv":[8.9375,0.0,8.90625,0.03125],"tintindex":0,"rotation":0,"texture":"#0"}}},{"from":[11.75,2.5,-8.0],"to":[13.25,3.5,-7.0],"faces":{"east":{"uv":[8.9375,0.0,8.90625,0.03125],"tintindex":0,"rotation":0,"texture":"#0"},"south":{"uv":[8.9375,0.0,8.90625,0.03125],"tintindex":0,"rotation":0,"texture":"#0"},"north":{"uv":[8.9375,0.0,8.90625,0.03125],"tintindex":0,"rotation":0,"texture":"#0"},"west":{"uv":[8.9375,0.0,8.90625,0.03125],"tintindex":0,"rotation":0,"texture":"#0"},"up":{"uv":[8.9375,0.0,8.90625,0.03125],"tintindex":0,"rotation":0,"texture":"#0"},"down":{"uv":[8.9375,0.0,8.90625,0.03125],"tintindex":0,"rotation":0,"texture":"#0"}}},{"from":[7.25,2.5,-8.0],"to":[8.25,3.5,-7.0],"faces":{"east":{"uv":[8.90625,0.0,8.9375,0.03125],"tintindex":0,"rotation":0,"texture":"#0"},"south":{"uv":[8.90625,0.0,8.9375,0.03125],"tintindex":0,"rotation":0,"texture":"#0"},"north":{"uv":[8.90625,0.0,8.9375,0.03125],"tintindex":0,"rotation":0,"texture":"#0"},"west":{"uv":[8.90625,0.0,8.9375,0.03125],"tintindex":0,"rotation":0,"texture":"#0"},"up":{"uv":[8.90625,0.0,8.9375,0.03125],"tintindex":0,"rotation":0,"texture":"#0"},"down":{"uv":[8.90625,0.0,8.9375,0.03125],"tintindex":0,"rotation":0,"texture":"#0"}}},{"from":[14.0,2.5,-2.0],"to":[15.0,3.5,-1.0],"faces":{"east":{"uv":[8.9375,0.0,8.90625,0.03125],"tintindex":0,"rotation":0,"texture":"#0"},"south":{"uv":[8.9375,0.0,8.90625,0.03125],"tintindex":0,"rotation":0,"texture":"#0"},"north":{"uv":[8.9375,0.0,8.90625,0.03125],"tintindex":0,"rotation":0,"texture":"#0"},"west":{"uv":[8.9375,0.0,8.90625,0.03125],"tintindex":0,"rotation":0,"texture":"#0"},"up":{"uv":[8.9375,0.0,8.90625,0.03125],"tintindex":0,"rotation":0,"texture":"#0"},"down":{"uv":[8.9375,0.0,8.90625,0.03125],"tintindex":0,"rotation":0,"texture":"#0"}}},{"from":[14.0,2.5,-8.0],"to":[15.0,3.5,-7.0],"faces":{"east":{"uv":[8.9375,0.0,8.90625,0.03125],"tintindex":0,"rotation":0,"texture":"#0"},"south":{"uv":[8.9375,0.0,8.90625,0.03125],"tintindex":0,"rotation":0,"texture":"#0"},"north":{"uv":[8.9375,0.0,8.90625,0.03125],"tintindex":0,"rotation":0,"texture":"#0"},"west":{"uv":[8.9375,0.0,8.90625,0.03125],"tintindex":0,"rotation":0,"texture":"#0"},"up":{"uv":[8.9375,0.0,8.90625,0.03125],"tintindex":0,"rotation":0,"texture":"#0"},"down":{"uv":[8.9375,0.0,8.90625,0.03125],"tintindex":0,"rotation":0,"texture":"#0"}}},{"from":[7.75,2.5,-8.0],"to":[8.75,3.5,-7.0],"faces":{"east":{"uv":[8.9375,0.0,8.90625,0.03125],"tintindex":0,"rotation":0,"texture":"#0"},"south":{"uv":[8.9375,0.0,8.90625,0.03125],"tintindex":0,"rotation":0,"texture":"#0"},"north":{"uv":[8.9375,0.0,8.90625,0.03125],"tintindex":0,"rotation":0,"texture":"#0"},"west":{"uv":[8.9375,0.0,8.90625,0.03125],"tintindex":0,"rotation":0,"texture":"#0"},"up":{"uv":[8.9375,0.0,8.90625,0.03125],"tintindex":0,"rotation":0,"texture":"#0"},"down":{"uv":[8.9375,0.0,8.90625,0.03125],"tintindex":0,"rotation":0,"texture":"#0"}}},{"from":[14.0,2.5,2.0],"to":[15.0,3.5,3.0],"faces":{"east":{"uv":[8.9375,0.0,8.90625,0.03125],"tintindex":0,"rotation":0,"texture":"#0"},"south":{"uv":[8.9375,0.0,8.90625,0.03125],"tintindex":0,"rotation":0,"texture":"#0"},"north":{"uv":[8.9375,0.0,8.90625,0.03125],"tintindex":0,"rotation":0,"texture":"#0"},"west":{"uv":[8.9375,0.0,8.90625,0.03125],"tintindex":0,"rotation":0,"texture":"#0"},"up":{"uv":[8.9375,0.0,8.90625,0.03125],"tintindex":0,"rotation":0,"texture":"#0"},"down":{"uv":[8.9375,0.0,8.90625,0.03125],"tintindex":0,"rotation":0,"texture":"#0"}}},{"from":[4.75,2.5,-8.0],"to":[6.25,3.5,-7.0],"faces":{"east":{"uv":[8.90625,0.0,8.9375,0.03125],"tintindex":0,"rotation":0,"texture":"#0"},"south":{"uv":[8.90625,0.0,8.9375,0.03125],"tintindex":0,"rotation":0,"texture":"#0"},"north":{"uv":[8.90625,0.0,8.9375,0.03125],"tintindex":0,"rotation":0,"texture":"#0"},"west":{"uv":[8.90625,0.0,8.9375,0.03125],"tintindex":0,"rotation":0,"texture":"#0"},"up":{"uv":[8.90625,0.0,8.9375,0.03125],"tintindex":0,"rotation":0,"texture":"#0"},"down":{"uv":[8.90625,0.0,8.9375,0.03125],"tintindex":0,"rotation":0,"texture":"#0"}}},{"from":[2.75,2.5,-8.0],"to":[4.25,3.5,-7.0],"faces":{"east":{"uv":[8.90625,0.0,8.9375,0.03125],"tintindex":0,"rotation":0,"texture":"#0"},"south":{"uv":[8.90625,0.0,8.9375,0.03125],"tintindex":0,"rotation":0,"texture":"#0"},"north":{"uv":[8.90625,0.0,8.9375,0.03125],"tintindex":0,"rotation":0,"texture":"#0"},"west":{"uv":[8.90625,0.0,8.9375,0.03125],"tintindex":0,"rotation":0,"texture":"#0"},"up":{"uv":[8.90625,0.0,8.9375,0.03125],"tintindex":0,"rotation":0,"texture":"#0"},"down":{"uv":[8.90625,0.0,8.9375,0.03125],"tintindex":0,"rotation":0,"texture":"#0"}}},{"from":[1.0,3.5,-8.0],"to":[15.0,9.5,7.0],"faces":{"east":{"uv":[4.125,1.375,4.59375,1.59375],"tintindex":0,"rotation":0,"texture":"#0"},"south":{"uv":[3.25,7.5,3.6875,7.71875],"tintindex":0,"rotation":0,"texture":"#0"},"north":{"uv":[2.8125,7.5,3.25,7.71875],"tintindex":0,"rotation":0,"texture":"#0"},"west":{"uv":[0.6875,5.0,1.15625,5.21875],"tintindex":0,"rotation":0,"texture":"#0"},"up":{"uv":[7.5,7.0625,7.0625,6.59375],"tintindex":0,"rotation":0,"texture":"#0"},"down":{"uv":[7.5,7.0625,7.0625,7.53125],"tintindex":0,"rotation":0,"texture":"#0"}}},{"from":[1.0,2.5,4.0],"to":[2.0,3.5,5.0],"faces":{"east":{"uv":[8.90625,0.0,8.9375,0.03125],"tintindex":0,"rotation":0,"texture":"#0"},"south":{"uv":[8.90625,0.0,8.9375,0.03125],"tintindex":0,"rotation":0,"texture":"#0"},"north":{"uv":[8.90625,0.0,8.9375,0.03125],"tintindex":0,"rotation":0,"texture":"#0"},"west":{"uv":[8.90625,0.0,8.9375,0.03125],"tintindex":0,"rotation":0,"texture":"#0"},"up":{"uv":[8.90625,0.0,8.9375,0.03125],"tintindex":0,"rotation":0,"texture":"#0"},"down":{"uv":[8.90625,0.0,8.9375,0.03125],"tintindex":0,"rotation":0,"texture":"#0"}}},{"from":[1.0,2.5,2.0],"to":[2.0,3.5,3.0],"faces":{"east":{"uv":[8.90625,0.0,8.9375,0.03125],"tintindex":0,"rotation":0,"texture":"#0"},"south":{"uv":[8.90625,0.0,8.9375,0.03125],"tintindex":0,"rotation":0,"texture":"#0"},"north":{"uv":[8.90625,0.0,8.9375,0.03125],"tintindex":0,"rotation":0,"texture":"#0"},"west":{"uv":[8.90625,0.0,8.9375,0.03125],"tintindex":0,"rotation":0,"texture":"#0"},"up":{"uv":[8.90625,0.0,8.9375,0.03125],"tintindex":0,"rotation":0,"texture":"#0"},"down":{"uv":[8.90625,0.0,8.9375,0.03125],"tintindex":0,"rotation":0,"texture":"#0"}}},{"from":[1.0,2.5,-8.0],"to":[2.0,3.5,-7.0],"faces":{"east":{"uv":[8.90625,0.0,8.9375,0.03125],"tintindex":0,"rotation":0,"texture":"#0"},"south":{"uv":[8.90625,0.0,8.9375,0.03125],"tintindex":0,"rotation":0,"texture":"#0"},"north":{"uv":[8.90625,0.0,8.9375,0.03125],"tintindex":0,"rotation":0,"texture":"#0"},"west":{"uv":[8.90625,0.0,8.9375,0.03125],"tintindex":0,"rotation":0,"texture":"#0"},"up":{"uv":[8.90625,0.0,8.9375,0.03125],"tintindex":0,"rotation":0,"texture":"#0"},"down":{"uv":[8.90625,0.0,8.9375,0.03125],"tintindex":0,"rotation":0,"texture":"#0"}}},{"from":[14.0,2.5,-4.0],"to":[15.0,3.5,-3.0],"faces":{"east":{"uv":[8.9375,0.0,8.90625,0.03125],"tintindex":0,"rotation":0,"texture":"#0"},"south":{"uv":[8.9375,0.0,8.90625,0.03125],"tintindex":0,"rotation":0,"texture":"#0"},"north":{"uv":[8.9375,0.0,8.90625,0.03125],"tintindex":0,"rotation":0,"texture":"#0"},"west":{"uv":[8.9375,0.0,8.90625,0.03125],"tintindex":0,"rotation":0,"texture":"#0"},"up":{"uv":[8.9375,0.0,8.90625,0.03125],"tintindex":0,"rotation":0,"texture":"#0"},"down":{"uv":[8.9375,0.0,8.90625,0.03125],"tintindex":0,"rotation":0,"texture":"#0"}}},{"from":[1.0,2.5,-2.0],"to":[2.0,3.5,-1.0],"faces":{"east":{"uv":[8.90625,0.0,8.9375,0.03125],"tintindex":0,"rotation":0,"texture":"#0"},"south":{"uv":[8.90625,0.0,8.9375,0.03125],"tintindex":0,"rotation":0,"texture":"#0"},"north":{"uv":[8.90625,0.0,8.9375,0.03125],"tintindex":0,"rotation":0,"texture":"#0"},"west":{"uv":[8.90625,0.0,8.9375,0.03125],"tintindex":0,"rotation":0,"texture":"#0"},"up":{"uv":[8.90625,0.0,8.9375,0.03125],"tintindex":0,"rotation":0,"texture":"#0"},"down":{"uv":[8.90625,0.0,8.9375,0.03125],"tintindex":0,"rotation":0,"texture":"#0"}}},{"from":[1.0,2.5,-4.0],"to":[2.0,3.5,-3.0],"faces":{"east":{"uv":[8.90625,0.0,8.9375,0.03125],"tintindex":0,"rotation":0,"texture":"#0"},"south":{"uv":[8.90625,0.0,8.9375,0.03125],"tintindex":0,"rotation":0,"texture":"#0"},"north":{"uv":[8.90625,0.0,8.9375,0.03125],"tintindex":0,"rotation":0,"texture":"#0"},"west":{"uv":[8.90625,0.0,8.9375,0.03125],"tintindex":0,"rotation":0,"texture":"#0"},"up":{"uv":[8.90625,0.0,8.9375,0.03125],"tintindex":0,"rotation":0,"texture":"#0"},"down":{"uv":[8.90625,0.0,8.9375,0.03125],"tintindex":0,"rotation":0,"texture":"#0"}}},{"from":[1.0,2.5,6.0],"to":[2.0,3.5,7.0],"faces":{"east":{"uv":[8.90625,0.0,8.9375,0.03125],"tintindex":0,"rotation":0,"texture":"#0"},"south":{"uv":[8.90625,0.0,8.9375,0.03125],"tintindex":0,"rotation":0,"texture":"#0"},"north":{"uv":[8.90625,0.0,8.9375,0.03125],"tintindex":0,"rotation":0,"texture":"#0"},"west":{"uv":[8.90625,0.0,8.9375,0.03125],"tintindex":0,"rotation":0,"texture":"#0"},"up":{"uv":[8.90625,0.0,8.9375,0.03125],"tintindex":0,"rotation":0,"texture":"#0"},"down":{"uv":[8.90625,0.0,8.9375,0.03125],"tintindex":0,"rotation":0,"texture":"#0"}}},{"from":[1.0,2.5,-6.0],"to":[2.0,3.5,-5.0],"faces":{"east":{"uv":[8.90625,0.0,8.9375,0.03125],"tintindex":0,"rotation":0,"texture":"#0"},"south":{"uv":[8.90625,0.0,8.9375,0.03125],"tintindex":0,"rotation":0,"texture":"#0"},"north":{"uv":[8.90625,0.0,8.9375,0.03125],"tintindex":0,"rotation":0,"texture":"#0"},"west":{"uv":[8.90625,0.0,8.9375,0.03125],"tintindex":0,"rotation":0,"texture":"#0"},"up":{"uv":[8.90625,0.0,8.9375,0.03125],"tintindex":0,"rotation":0,"texture":"#0"},"down":{"uv":[8.90625,0.0,8.9375,0.03125],"tintindex":0,"rotation":0,"texture":"#0"}}},{"from":[14.0,2.5,4.0],"to":[15.0,3.5,5.0],"faces":{"east":{"uv":[8.9375,0.0,8.90625,0.03125],"tintindex":0,"rotation":0,"texture":"#0"},"south":{"uv":[8.9375,0.0,8.90625,0.03125],"tintindex":0,"rotation":0,"texture":"#0"},"north":{"uv":[8.9375,0.0,8.90625,0.03125],"tintindex":0,"rotation":0,"texture":"#0"},"west":{"uv":[8.9375,0.0,8.90625,0.03125],"tintindex":0,"rotation":0,"texture":"#0"},"up":{"uv":[8.9375,0.0,8.90625,0.03125],"tintindex":0,"rotation":0,"texture":"#0"},"down":{"uv":[8.9375,0.0,8.90625,0.03125],"tintindex":0,"rotation":0,"texture":"#0"}}},{"from":[14.0,2.5,0.0],"to":[15.0,3.5,1.0],"faces":{"east":{"uv":[8.9375,0.0,8.90625,0.03125],"tintindex":0,"rotation":0,"texture":"#0"},"south":{"uv":[8.9375,0.0,8.90625,0.03125],"tintindex":0,"rotation":0,"texture":"#0"},"north":{"uv":[8.9375,0.0,8.90625,0.03125],"tintindex":0,"rotation":0,"texture":"#0"},"west":{"uv":[8.9375,0.0,8.90625,0.03125],"tintindex":0,"rotation":0,"texture":"#0"},"up":{"uv":[8.9375,0.0,8.90625,0.03125],"tintindex":0,"rotation":0,"texture":"#0"},"down":{"uv":[8.9375,0.0,8.90625,0.03125],"tintindex":0,"rotation":0,"texture":"#0"}}},{"from":[1.0,2.5,0.0],"to":[2.0,3.5,1.0],"faces":{"east":{"uv":[8.90625,0.0,8.9375,0.03125],"tintindex":0,"rotation":0,"texture":"#0"},"south":{"uv":[8.90625,0.0,8.9375,0.03125],"tintindex":0,"rotation":0,"texture":"#0"},"north":{"uv":[8.90625,0.0,8.9375,0.03125],"tintindex":0,"rotation":0,"texture":"#0"},"west":{"uv":[8.90625,0.0,8.9375,0.03125],"tintindex":0,"rotation":0,"texture":"#0"},"up":{"uv":[8.90625,0.0,8.9375,0.03125],"tintindex":0,"rotation":0,"texture":"#0"},"down":{"uv":[8.90625,0.0,8.9375,0.03125],"tintindex":0,"rotation":0,"texture":"#0"}}}],"display":{"gui":{"rotation":[30,225,0]}}}