{"sources":[{"source":"entity","prefix":"entity/","type":"directory"},{"type":"single","resource":"dragon_warrior:dragon_warrior_texture/icon_dragonborn"},{"type":"single","resource":"dragon_warrior:dragon_warrior_texture/icon_dragon_dash"},{"type":"single","resource":"dragon_warrior:dragon_warrior_texture/dragon_dash_charge4_2"},{"type":"single","resource":"dragon_warrior:dragon_warrior_texture/dragon_dash_pierce1_2"},{"type":"single","resource":"dragon_warrior:dragon_warrior_texture/dragon_ground_slash_2"},{"type":"single","resource":"dragon_warrior:dragon_warrior_texture/dragon_dash_pierce5_2"},{"type":"single","resource":"dragon_warrior:dragon_warrior_texture/dragon_dash_pierce3_2"},{"type":"single","resource":"dragon_warrior:dragon_warrior_texture/dragon_dash_impact1"},{"type":"single","resource":"dragon_warrior:dragon_warrior_texture/dragon_wings8_2"},{"type":"single","resource":"dragon_warrior:dragon_warrior_texture/dragon_dash_impact3"},{"type":"single","resource":"dragon_warrior:dragon_warrior_texture/dragon_slash2_2"},{"type":"single","resource":"dragon_warrior:dragon_warrior_texture/dragon_wings6_2"},{"type":"single","resource":"dragon_warrior:dragon_warrior_texture/dragon_dash_impact2"},{"type":"single","resource":"dragon_warrior:dragon_warrior_texture/dragon_wings2"},{"type":"single","resource":"dragon_warrior:dragon_warrior_texture/dragon_wings4_2"},{"type":"single","resource":"dragon_warrior:dragon_warrior_texture/dragon_dash_impact5"},{"type":"single","resource":"dragon_warrior:dragon_warrior_texture/dragon_slash4_2"},{"type":"single","resource":"dragon_warrior:dragon_warrior_texture/dragon_spear"},{"type":"single","resource":"dragon_warrior:dragon_warrior_texture/dragon_wings1"},{"type":"single","resource":"dragon_warrior:dragon_warrior_texture/dragon_dash_impact4"},{"type":"single","resource":"dragon_warrior:dragon_warrior_texture/dragon_wings2_2"},{"type":"single","resource":"dragon_warrior:dragon_warrior_texture/dragon_slash6_2"},{"type":"single","resource":"dragon_warrior:dragon_warrior_texture/dragon_wings4"},{"type":"single","resource":"dragon_warrior:dragon_warrior_texture/dragon_spin"},{"type":"single","resource":"dragon_warrior:dragon_warrior_texture/dragon_wings3"},{"type":"single","resource":"dragon_warrior:dragon_warrior_texture/dragon_dash_charge2_2"},{"type":"single","resource":"custom/pixel"},{"type":"single","resource":"dragon_warrior:dragon_warrior_texture/icon_dragon_breath"},{"type":"single","resource":"dragon_warrior:dragon_warrior_texture/dragon_wings6"},{"type":"single","resource":"dragon_warrior:dragon_warrior_texture/dragon_wings5"},{"type":"single","resource":"modelengine:entity/goblin"},{"type":"single","resource":"dragon_warrior:dragon_warrior_texture/dragon_wings8"},{"type":"single","resource":"dragon_warrior:dragon_warrior_texture/dragon_spin2_2"},{"type":"single","resource":"dragon_warrior:dragon_warrior_texture/dragon_wings7"},{"type":"single","resource":"dragon_warrior:dragon_warrior_texture/dragon_wings9"},{"type":"single","resource":"dragon_warrior:dragon_warrior_texture/icon_dragon_zone"},{"type":"single","resource":"modelengine:entity/lavalord"},{"type":"single","resource":"dragon_warrior:dragon_warrior_texture/dragon_smash_rupture_1"},{"type":"single","resource":"dragon_warrior:dragon_warrior_texture/dragon_smash_rupture_3"},{"type":"single","resource":"dragon_warrior:dragon_warrior_texture/dragon_smash_rupture_2"},{"type":"single","resource":"modelengine:entity/air_pulse"},{"type":"single","resource":"modelengine:entity/skywhisper_wyvern"},{"type":"single","resource":"dragon_warrior:dragon_warrior_texture/dragon_spear_shiny"},{"type":"single","resource":"dragon_warrior:dragon_warrior_texture/dragon_smash_rupture_5"},{"type":"single","resource":"dragon_warrior:dragon_warrior_texture/dragon_smash_rupture_4"},{"type":"single","resource":"modelengine:entity/terravore_drake"},{"type":"single","resource":"dragon_warrior:dragon_warrior_texture/dragon_smash_rupture_6"},{"type":"single","resource":"dragon_warrior:dragon_warrior_texture/dragon_dash_charge3_2"},{"type":"single","resource":"dragon_warrior:dragon_warrior_texture/dragon_dash_pierce2_2"},{"type":"single","resource":"dragon_warrior:dragon_warrior_texture/dragon_wings1_2"},{"type":"single","resource":"dragon_warrior:dragon_warrior_texture/dragon_spear_spirit_3"},{"type":"single","resource":"modelengine:entity/flarewing_dragon"},{"type":"single","resource":"dragon_warrior:dragon_warrior_texture/dragon_spin3"},{"type":"single","resource":"dragon_warrior:dragon_warrior_texture/dragon_spear_spirit_4"},{"type":"single","resource":"dragon_warrior:dragon_warrior_texture/dragon_spear_spirit_1"},{"type":"single","resource":"dragon_warrior:dragon_warrior_texture/dragon_dash_pierce4_2"},{"type":"single","resource":"dragon_warrior:dragon_warrior_texture/dragon_spin2"},{"type":"single","resource":"dragon_warrior:dragon_warrior_texture/dragon_spear_spirit_2"},{"type":"single","resource":"dragon_warrior:dragon_warrior_texture/dragon_spin1"},{"type":"single","resource":"dragon_warrior:dragon_warrior_texture/dragon_ground_slash"},{"type":"single","resource":"dragon_warrior:dragon_warrior_texture/dragon_slash4"},{"type":"single","resource":"dragon_warrior:dragon_warrior_texture/dragon_wings9_2"},{"type":"single","resource":"dragon_warrior:dragon_warrior_texture/dragon_slash5"},{"type":"single","resource":"dragon_warrior:dragon_warrior_texture/dragon_slash2"},{"type":"single","resource":"dragon_warrior:dragon_warrior_texture/dragon_slash1_2"},{"type":"single","resource":"dragon_warrior:dragon_warrior_texture/dragon_wings7_2"},{"type":"single","resource":"dragon_warrior:dragon_warrior_texture/dragon_slash3"},{"type":"single","resource":"dragon_warrior:dragon_warrior_texture/dragon_wings5_2"},{"type":"single","resource":"dragon_warrior:dragon_warrior_texture/dragon_slash3_2"},{"type":"single","resource":"dragon_warrior:dragon_warrior_texture/dragon_slash6"},{"type":"single","resource":"dragon_warrior:dragon_warrior_texture/dragon_wings3_2"},{"type":"single","resource":"dragon_warrior:dragon_warrior_texture/dragon_slash5_2"},{"type":"single","resource":"dragon_warrior:dragon_warrior_texture/dragon_dash_charge1_2"},{"type":"single","resource":"modelengine:entity/dragon_totem"},{"type":"single","resource":"modelengine:entity/celestial_thunderlord"},{"type":"single","resource":"modelengine:entity/thunderclaw"},{"type":"single","resource":"dragon_warrior:dragon_warrior_texture/dragon_slash1"},{"type":"single","resource":"guis/pixel"},{"type":"single","resource":"dragon_warrior:dragon_warrior_texture/icon_dragon_skin"},{"type":"single","resource":"dragon_warrior:dragon_warrior_texture/dragon_dash_pierce1"},{"type":"single","resource":"dragon_warrior:dragon_warrior_texture/dragon_spin3_2"},{"type":"single","resource":"dragon_warrior:dragon_warrior_texture/dragon_dash_charge1"},{"type":"single","resource":"dragon_warrior:dragon_warrior_texture/dragon_dash_charge2"},{"type":"single","resource":"dragon_warrior:dragon_warrior_texture/dragon_dash_charge3"},{"type":"single","resource":"dragon_warrior:dragon_warrior_texture/dragon_dash_charge4"},{"type":"single","resource":"dragon_warrior:dragon_warrior_texture/dragon_wings_a"},{"type":"single","resource":"dragon_warrior:dragon_warrior_texture/icon_dragon_slash"},{"type":"single","resource":"dragon_warrior:dragon_warrior_texture/dragon_dash_pierce4"},{"type":"single","resource":"modelengine:entity/inferno_drake"},{"type":"single","resource":"dragon_warrior:dragon_warrior_texture/dragon_dash_pierce5"},{"type":"single","resource":"dragon_warrior:dragon_warrior_texture/dragon_spin1_2"},{"type":"single","resource":"dragon_warrior:dragon_warrior_texture/dragon_dash_pierce2"},{"type":"single","resource":"dragon_warrior:dragon_warrior_texture/dragon_dash_pierce3"}]}