{"textures":{"0":"modelengine:entity/maru"},"elements":[{"from":[8.0,5.0,8.0],"to":[8.0,7.0,16.0],"faces":{"east":{"uv":[4.0,15.0,8.0,16.0],"tintindex":0,"rotation":0,"texture":"#0"},"west":{"uv":[8.0,15.0,12.0,16.0],"tintindex":0,"rotation":0,"texture":"#0"}}},{"from":[6.5,6.5,8.0],"to":[9.5,10.5,16.0],"faces":{"east":{"uv":[0.0,10.0,4.0,12.0],"tintindex":0,"rotation":0,"texture":"#0"},"south":{"uv":[9.5,10.0,11.0,12.0],"tintindex":0,"rotation":0,"texture":"#0"},"north":{"uv":[4.0,10.0,5.5,12.0],"tintindex":0,"rotation":0,"texture":"#0"},"west":{"uv":[5.5,10.0,9.5,12.0],"tintindex":0,"rotation":0,"texture":"#0"},"up":{"uv":[5.5,10.0,4.0,6.0],"tintindex":0,"rotation":0,"texture":"#0"},"down":{"uv":[7.0,6.0,5.5,10.0],"tintindex":0,"rotation":0,"texture":"#0"}}},{"from":[8.0,10.0,8.0],"to":[8.0,12.0,16.0],"faces":{"east":{"uv":[8.0,14.5,12.0,15.5],"tintindex":0,"rotation":0,"texture":"#0"},"west":{"uv":[12.0,14.5,16.0,15.5],"tintindex":0,"rotation":0,"texture":"#0"}}}],"display":{"gui":{"rotation":[30,225,0]}}}