{"textures":{"0":"modelengine:entity/id_arapaima"},"elements":[{"from":[2.0,-2.0,-7.0],"to":[14.0,13.0,24.0],"faces":{"east":{"uv":[0.0,3.875,3.875,5.75],"tintindex":0,"rotation":0,"texture":"#0"},"south":{"uv":[9.25,3.875,10.75,5.75],"tintindex":0,"rotation":0,"texture":"#0"},"north":{"uv":[3.875,3.875,5.375,5.75],"tintindex":0,"rotation":0,"texture":"#0"},"west":{"uv":[5.375,3.875,9.25,5.75],"tintindex":0,"rotation":0,"texture":"#0"},"up":{"uv":[5.375,3.875,3.875,0.0],"tintindex":0,"rotation":0,"texture":"#0"},"down":{"uv":[6.875,0.0,5.375,3.875],"tintindex":0,"rotation":0,"texture":"#0"}}}],"display":{"gui":{"rotation":[30,225,0]}}}