{"textures":{"0":"modelengine:entity/id_arapaima"},"elements":[{"from":[8.0,-1.0,8.0],"to":[8.0,17.0,25.0],"faces":{"east":{"uv":[5.875,11.875,8.0,14.125],"tintindex":0,"rotation":0,"texture":"#0"},"west":{"uv":[8.0,11.875,10.125,14.125],"tintindex":0,"rotation":0,"texture":"#0"}}},{"from":[7.0,0.0,8.0],"to":[9.0,16.0,17.0],"faces":{"east":{"uv":[0.0,14.0,1.125,16.0],"tintindex":0,"rotation":0,"texture":"#0"},"south":{"uv":[2.5,14.0,2.75,16.0],"tintindex":0,"rotation":0,"texture":"#0"},"north":{"uv":[1.125,14.0,1.375,16.0],"tintindex":0,"rotation":0,"texture":"#0"},"west":{"uv":[1.375,14.0,2.5,16.0],"tintindex":0,"rotation":0,"texture":"#0"},"up":{"uv":[1.375,14.0,1.125,12.875],"tintindex":0,"rotation":0,"texture":"#0"},"down":{"uv":[1.625,12.875,1.375,14.0],"tintindex":0,"rotation":0,"texture":"#0"}}}],"display":{"gui":{"rotation":[30,225,0]}}}