{"textures":{"0":"modelengine:entity/id_arapaima"},"elements":[{"from":[8.0,8.0,6.0],"to":[17.0,9.0,12.0],"faces":{"east":{"uv":[11.75,7.375,12.5,7.5],"tintindex":0,"rotation":0,"texture":"#0"},"south":{"uv":[14.375,7.375,15.5,7.5],"tintindex":0,"rotation":0,"texture":"#0"},"north":{"uv":[12.5,7.375,13.625,7.5],"tintindex":0,"rotation":0,"texture":"#0"},"west":{"uv":[13.625,7.375,14.375,7.5],"tintindex":0,"rotation":0,"texture":"#0"},"up":{"uv":[13.625,7.375,12.5,6.625],"tintindex":0,"rotation":0,"texture":"#0"},"down":{"uv":[14.75,6.625,13.625,7.375],"tintindex":0,"rotation":0,"texture":"#0"}}}],"display":{"gui":{"rotation":[30,225,0]}}}