{"textures":{"0":"modelengine:entity/id_arapaima"},"elements":[{"from":[-1.0,8.0,6.0],"to":[8.0,9.0,12.0],"faces":{"east":{"uv":[11.625,5.375,12.375,5.5],"tintindex":0,"rotation":0,"texture":"#0"},"south":{"uv":[14.25,5.375,15.375,5.5],"tintindex":0,"rotation":0,"texture":"#0"},"north":{"uv":[12.375,5.375,13.5,5.5],"tintindex":0,"rotation":0,"texture":"#0"},"west":{"uv":[13.5,5.375,14.25,5.5],"tintindex":0,"rotation":0,"texture":"#0"},"up":{"uv":[13.5,5.375,12.375,4.625],"tintindex":0,"rotation":0,"texture":"#0"},"down":{"uv":[14.625,4.625,13.5,5.375],"tintindex":0,"rotation":0,"texture":"#0"}}}],"display":{"gui":{"rotation":[30,225,0]}}}