{"textures":{"0":"modelengine:entity/id_arapaima"},"elements":[{"from":[2.0,0.0,-10.0],"to":[14.0,10.0,8.0],"faces":{"east":{"uv":[6.875,2.25,9.125,3.5],"tintindex":0,"rotation":0,"texture":"#0"},"south":{"uv":[12.875,2.25,14.375,3.5],"tintindex":0,"rotation":0,"texture":"#0"},"north":{"uv":[9.125,2.25,10.625,3.5],"tintindex":0,"rotation":0,"texture":"#0"},"west":{"uv":[10.625,2.25,12.875,3.5],"tintindex":0,"rotation":0,"texture":"#0"},"up":{"uv":[10.625,2.25,9.125,0.0],"tintindex":0,"rotation":0,"texture":"#0"},"down":{"uv":[12.125,0.0,10.625,2.25],"tintindex":0,"rotation":0,"texture":"#0"}}}],"display":{"gui":{"rotation":[30,225,0]}}}