{"textures":{"0":"modelengine:entity/id_arapaima"},"elements":[{"from":[8.0,14.0,9.0],"to":[8.0,18.0,30.0],"faces":{"east":{"uv":[8.625,15.375,11.25,15.875],"tintindex":0,"rotation":0,"texture":"#0"},"west":{"uv":[11.25,15.375,13.875,15.875],"tintindex":0,"rotation":0,"texture":"#0"}}},{"from":[8.0,-4.0,8.0],"to":[8.0,0.0,30.0],"faces":{"east":{"uv":[9.0,10.0,11.75,10.5],"tintindex":0,"rotation":0,"texture":"#0"},"west":{"uv":[11.75,10.0,14.5,10.5],"tintindex":0,"rotation":0,"texture":"#0"}}},{"from":[3.0,0.0,9.0],"to":[13.0,14.0,30.0],"faces":{"east":{"uv":[0.0,8.375,2.625,10.125],"tintindex":0,"rotation":0,"texture":"#0"},"south":{"uv":[6.5,8.375,7.75,10.125],"tintindex":0,"rotation":0,"texture":"#0"},"north":{"uv":[2.625,8.375,3.875,10.125],"tintindex":0,"rotation":0,"texture":"#0"},"west":{"uv":[3.875,8.375,6.5,10.125],"tintindex":0,"rotation":0,"texture":"#0"},"up":{"uv":[3.875,8.375,2.625,5.75],"tintindex":0,"rotation":0,"texture":"#0"},"down":{"uv":[5.125,5.75,3.875,8.375],"tintindex":0,"rotation":0,"texture":"#0"}}}],"display":{"gui":{"rotation":[30,225,0]}}}