{"textures":{"0":"modelengine:entity/archaeopteryx"},"elements":[{"from":[6.0,5.0,4.0],"to":[10.0,10.0,12.0],"faces":{"east":{"uv":[0.0,5.25,2.0,6.5],"tintindex":0,"rotation":0,"texture":"#0"},"south":{"uv":[5.0,5.25,6.0,6.5],"tintindex":0,"rotation":0,"texture":"#0"},"north":{"uv":[2.0,5.25,3.0,6.5],"tintindex":0,"rotation":0,"texture":"#0"},"west":{"uv":[3.0,5.25,5.0,6.5],"tintindex":0,"rotation":0,"texture":"#0"},"up":{"uv":[3.0,5.25,2.0,3.25],"tintindex":0,"rotation":0,"texture":"#0"},"down":{"uv":[4.0,3.25,3.0,5.25],"tintindex":0,"rotation":0,"texture":"#0"}}}],"display":{"gui":{"rotation":[30,225,0]}}}