{"textures":{"0":"modelengine:entity/archaeopteryx"},"elements":[{"from":[7.5,11.25,5.0],"to":[8.5,13.25,7.0],"faces":{"east":{"uv":[0.0,3.75,0.5,4.25],"tintindex":0,"rotation":0,"texture":"#0"},"south":{"uv":[1.25,3.75,1.5,4.25],"tintindex":0,"rotation":0,"texture":"#0"},"north":{"uv":[0.5,3.75,0.75,4.25],"tintindex":0,"rotation":0,"texture":"#0"},"west":{"uv":[0.75,3.75,1.25,4.25],"tintindex":0,"rotation":0,"texture":"#0"},"up":{"uv":[0.75,3.75,0.5,3.25],"tintindex":0,"rotation":0,"texture":"#0"},"down":{"uv":[1.0,3.25,0.75,3.75],"tintindex":0,"rotation":0,"texture":"#0"}}},{"from":[6.5,7.25,7.0],"to":[9.5,13.25,10.0],"faces":{"east":{"uv":[4.0,0.75,4.75,2.25],"tintindex":0,"rotation":0,"texture":"#0"},"south":{"uv":[6.25,0.75,7.0,2.25],"tintindex":0,"rotation":0,"texture":"#0"},"north":{"uv":[4.75,0.75,5.5,2.25],"tintindex":0,"rotation":0,"texture":"#0"},"west":{"uv":[5.5,0.75,6.25,2.25],"tintindex":0,"rotation":0,"texture":"#0"},"up":{"uv":[5.5,0.75,4.75,0.0],"tintindex":0,"rotation":0,"texture":"#0"},"down":{"uv":[6.25,0.0,5.5,0.75],"tintindex":0,"rotation":0,"texture":"#0"}}}],"display":{"gui":{"rotation":[30,225,0]}}}