{"textures":{"0":"modelengine:entity/archaeopteryx"},"elements":[{"from":[6.0,5.0,6.0],"to":[8.0,8.0,8.0],"faces":{"east":{"uv":[0.0,1.75,0.5,2.5],"tintindex":0,"rotation":0,"texture":"#0"},"south":{"uv":[1.5,1.75,2.0,2.5],"tintindex":0,"rotation":0,"texture":"#0"},"north":{"uv":[0.5,1.75,1.0,2.5],"tintindex":0,"rotation":0,"texture":"#0"},"west":{"uv":[1.0,1.75,1.5,2.5],"tintindex":0,"rotation":0,"texture":"#0"},"up":{"uv":[1.0,1.75,0.5,1.25],"tintindex":0,"rotation":0,"texture":"#0"},"down":{"uv":[1.5,1.25,1.0,1.75],"tintindex":0,"rotation":0,"texture":"#0"}}},{"from":[7.0,5.0,8.0],"to":[7.0,8.0,11.0],"faces":{"east":{"uv":[3.25,15.25,4.0,16.0],"tintindex":0,"rotation":0,"texture":"#0"},"west":{"uv":[4.0,15.25,4.75,16.0],"tintindex":0,"rotation":0,"texture":"#0"}}}],"display":{"gui":{"rotation":[30,225,0]}}}