{"textures":{"0":"modelengine:entity/archaeopteryx"},"elements":[{"from":[8.0,5.0,6.0],"to":[10.0,8.0,8.0],"faces":{"east":{"uv":[0.0,0.5,0.5,1.25],"tintindex":0,"rotation":0,"texture":"#0"},"south":{"uv":[1.5,0.5,2.0,1.25],"tintindex":0,"rotation":0,"texture":"#0"},"north":{"uv":[0.5,0.5,1.0,1.25],"tintindex":0,"rotation":0,"texture":"#0"},"west":{"uv":[1.0,0.5,1.5,1.25],"tintindex":0,"rotation":0,"texture":"#0"},"up":{"uv":[1.0,0.5,0.5,0.0],"tintindex":0,"rotation":0,"texture":"#0"},"down":{"uv":[1.5,0.0,1.0,0.5],"tintindex":0,"rotation":0,"texture":"#0"}}},{"from":[9.0,5.0,8.0],"to":[9.0,8.0,11.0],"faces":{"east":{"uv":[0.0,15.25,0.75,16.0],"tintindex":0,"rotation":0,"texture":"#0"},"west":{"uv":[0.75,15.25,1.5,16.0],"tintindex":0,"rotation":0,"texture":"#0"}}}],"display":{"gui":{"rotation":[30,225,0]}}}