{"textures":{"0":"modelengine:entity/archaeopteryx"},"elements":[{"from":[5.5,6.25,8.0],"to":[10.5,7.25,23.0],"faces":{"east":{"uv":[6.0,14.75,9.75,15.0],"tintindex":0,"rotation":0,"texture":"#0"},"south":{"uv":[14.75,14.75,16.0,15.0],"tintindex":0,"rotation":0,"texture":"#0"},"north":{"uv":[9.75,14.75,11.0,15.0],"tintindex":0,"rotation":0,"texture":"#0"},"west":{"uv":[11.0,14.75,14.75,15.0],"tintindex":0,"rotation":0,"texture":"#0"},"up":{"uv":[11.0,14.75,9.75,11.0],"tintindex":0,"rotation":0,"texture":"#0"},"down":{"uv":[12.25,11.0,11.0,14.75],"tintindex":0,"rotation":0,"texture":"#0"}}},{"from":[6.5,5.25,8.0],"to":[9.5,8.25,18.0],"faces":{"east":{"uv":[0.0,2.5,2.5,3.25],"tintindex":0,"rotation":0,"texture":"#0"},"south":{"uv":[5.75,2.5,6.5,3.25],"tintindex":0,"rotation":0,"texture":"#0"},"north":{"uv":[2.5,2.5,3.25,3.25],"tintindex":0,"rotation":0,"texture":"#0"},"west":{"uv":[3.25,2.5,5.75,3.25],"tintindex":0,"rotation":0,"texture":"#0"},"up":{"uv":[3.25,2.5,2.5,0.0],"tintindex":0,"rotation":0,"texture":"#0"},"down":{"uv":[4.0,0.0,3.25,2.5],"tintindex":0,"rotation":0,"texture":"#0"}}}],"display":{"gui":{"rotation":[30,225,0]}}}