{"textures":{"0":"modelengine:entity/archaeopteryx"},"elements":[{"from":[8.0,1.0,7.0],"to":[9.0,9.0,11.0],"faces":{"east":{"uv":[5.5,3.25,6.5,5.25],"tintindex":0,"rotation":0,"texture":"#0"},"south":{"uv":[7.75,3.25,8.0,5.25],"tintindex":0,"rotation":0,"texture":"#0"},"north":{"uv":[6.5,3.25,6.75,5.25],"tintindex":0,"rotation":0,"texture":"#0"},"west":{"uv":[6.75,3.25,7.75,5.25],"tintindex":0,"rotation":0,"texture":"#0"},"up":{"uv":[6.75,3.25,6.5,2.25],"tintindex":0,"rotation":0,"texture":"#0"},"down":{"uv":[7.0,2.25,6.75,3.25],"tintindex":0,"rotation":0,"texture":"#0"}}},{"from":[8.0,1.0,6.0],"to":[9.0,5.0,8.0],"faces":{"east":{"uv":[0.0,9.5,0.5,10.5],"tintindex":0,"rotation":0,"texture":"#0"},"south":{"uv":[1.25,9.5,1.5,10.5],"tintindex":0,"rotation":0,"texture":"#0"},"north":{"uv":[0.5,9.5,0.75,10.5],"tintindex":0,"rotation":0,"texture":"#0"},"west":{"uv":[0.75,9.5,1.25,10.5],"tintindex":0,"rotation":0,"texture":"#0"},"up":{"uv":[0.75,9.5,0.5,9.0],"tintindex":0,"rotation":0,"texture":"#0"},"down":{"uv":[1.0,9.0,0.75,9.5],"tintindex":0,"rotation":0,"texture":"#0"}}}],"display":{"gui":{"rotation":[30,225,0]}}}