{"textures":{"0":"modelengine:entity/archaeopteryx"},"elements":[{"from":[7.0,1.0,6.0],"to":[8.0,5.0,8.0],"faces":{"east":{"uv":[0.0,12.25,0.5,13.25],"tintindex":0,"rotation":0,"texture":"#0"},"south":{"uv":[1.25,12.25,1.5,13.25],"tintindex":0,"rotation":0,"texture":"#0"},"north":{"uv":[0.5,12.25,0.75,13.25],"tintindex":0,"rotation":0,"texture":"#0"},"west":{"uv":[0.75,12.25,1.25,13.25],"tintindex":0,"rotation":0,"texture":"#0"},"up":{"uv":[0.75,12.25,0.5,11.75],"tintindex":0,"rotation":0,"texture":"#0"},"down":{"uv":[1.0,11.75,0.75,12.25],"tintindex":0,"rotation":0,"texture":"#0"}}},{"from":[7.0,1.0,7.0],"to":[8.0,9.0,11.0],"faces":{"east":{"uv":[5.0,6.5,6.0,8.5],"tintindex":0,"rotation":0,"texture":"#0"},"south":{"uv":[7.25,6.5,7.5,8.5],"tintindex":0,"rotation":0,"texture":"#0"},"north":{"uv":[6.0,6.5,6.25,8.5],"tintindex":0,"rotation":0,"texture":"#0"},"west":{"uv":[6.25,6.5,7.25,8.5],"tintindex":0,"rotation":0,"texture":"#0"},"up":{"uv":[6.25,6.5,6.0,5.5],"tintindex":0,"rotation":0,"texture":"#0"},"down":{"uv":[6.5,5.5,6.25,6.5],"tintindex":0,"rotation":0,"texture":"#0"}}}],"display":{"gui":{"rotation":[30,225,0]}}}