{"textures":{"0":"modelengine:entity/texture8"},"elements":[{"from":[3.5,8.666666,6.0],"to":[12.5,12.666666,10.5],"faces":{"east":{"uv":[2.5,7.25,3.5,8.25],"tintindex":0,"rotation":0,"texture":"#0"},"south":{"uv":[4.5,2.25,6.75,3.25],"tintindex":0,"rotation":0,"texture":"#0"},"north":{"uv":[0.0,4.5,2.25,5.5],"tintindex":0,"rotation":0,"texture":"#0"},"west":{"uv":[3.5,7.25,4.5,8.25],"tintindex":0,"rotation":0,"texture":"#0"},"up":{"uv":[6.75,4.25,4.5,3.25],"tintindex":0,"rotation":0,"texture":"#0"},"down":{"uv":[6.75,4.25,4.5,5.25],"tintindex":0,"rotation":0,"texture":"#0"}}},{"from":[4.5,4.6666665,10.5],"to":[11.5,8.666666,10.5],"faces":{"south":{"uv":[5.25,6.25,7.0,7.25],"tintindex":0,"rotation":0,"texture":"#0"},"north":{"uv":[3.5,6.25,5.25,7.25],"tintindex":0,"rotation":0,"texture":"#0"}}},{"from":[4.5,4.6666665,6.0],"to":[11.5,8.666666,6.0],"faces":{"south":{"uv":[1.75,6.25,3.5,7.25],"tintindex":0,"rotation":0,"texture":"#0"},"north":{"uv":[0.0,5.5,1.75,6.5],"tintindex":0,"rotation":0,"texture":"#0"}}}],"display":{"gui":{"rotation":[30,225,0]}}}