{"textures":{"0":"modelengine:entity/texture8"},"elements":[{"from":[8.0,2.0,10.25],"to":[11.0,12.0,12.25],"faces":{"east":{"uv":[1.75,2.0,2.25,4.5],"tintindex":0,"rotation":0,"texture":"#0"},"south":{"uv":[6.5,10.0,7.25,12.5],"tintindex":0,"rotation":0,"texture":"#0"},"north":{"uv":[1.0,2.0,1.75,4.5],"tintindex":0,"rotation":0,"texture":"#0"},"west":{"uv":[3.25,9.5,3.75,12.0],"tintindex":0,"rotation":0,"texture":"#0"},"up":{"uv":[0.75,3.0,0.0,2.5],"tintindex":0,"rotation":0,"texture":"#0"},"down":{"uv":[0.75,3.0,0.0,3.5],"tintindex":0,"rotation":0,"texture":"#0"}},"rotation":{"origin":[9.0,9.0,11.0],"angle":-22.5,"axis":"z"}},{"from":[3.2278433,-0.17137146,10.0],"to":[3.4778433,4.5786285,10.75],"faces":{"east":{"uv":[0.75,2.5,1.0,3.75],"tintindex":0,"rotation":0,"texture":"#0"},"south":{"uv":[6.5,0.75,6.75,2.0],"tintindex":0,"rotation":0,"texture":"#0"},"north":{"uv":[2.0,0.5,2.25,1.75],"tintindex":0,"rotation":0,"texture":"#0"},"west":{"uv":[9.25,6.75,9.5,8.0],"tintindex":0,"rotation":0,"texture":"#0"},"up":{"uv":[8.25,1.0,8.0,0.75],"tintindex":0,"rotation":0,"texture":"#0"},"down":{"uv":[8.25,1.0,8.0,1.25],"tintindex":0,"rotation":0,"texture":"#0"}},"rotation":{"origin":[1.7278433,4.5786285,10.375],"angle":45.0,"axis":"x"}},{"from":[10.501907,11.387787,10.25],"to":[11.501907,12.137787,10.5],"faces":{"east":{"uv":[0.75,4.25,1.0,4.5],"tintindex":0,"rotation":0,"texture":"#0"},"south":{"uv":[4.25,2.75,4.5,3.0],"tintindex":0,"rotation":0,"texture":"#0"},"north":{"uv":[2.0,1.75,2.25,2.0],"tintindex":0,"rotation":0,"texture":"#0"},"west":{"uv":[6.5,2.0,6.75,2.25],"tintindex":0,"rotation":0,"texture":"#0"},"up":{"uv":[8.0,1.0,7.75,0.75],"tintindex":0,"rotation":0,"texture":"#0"},"down":{"uv":[8.0,1.0,7.75,1.25],"tintindex":0,"rotation":0,"texture":"#0"}},"rotation":{"origin":[11.001907,11.762787,10.375],"angle":-22.5,"axis":"z"}},{"from":[10.501907,11.887787,10.5],"to":[11.501907,16.637787,10.75],"faces":{"east":{"uv":[9.75,6.75,10.0,8.0],"tintindex":0,"rotation":0,"texture":"#0"},"south":{"uv":[5.0,11.0,5.25,12.25],"tintindex":0,"rotation":0,"texture":"#0"},"north":{"uv":[9.5,6.75,9.75,8.0],"tintindex":0,"rotation":0,"texture":"#0"},"west":{"uv":[5.5,11.0,5.75,12.25],"tintindex":0,"rotation":0,"texture":"#0"},"up":{"uv":[8.5,1.0,8.25,0.75],"tintindex":0,"rotation":0,"texture":"#0"},"down":{"uv":[8.5,1.0,8.25,1.25],"tintindex":0,"rotation":0,"texture":"#0"}},"rotation":{"origin":[11.001907,11.762787,10.375],"angle":-45.0,"axis":"x"}},{"from":[5.3528433,1.9536281,10.25],"to":[6.3528433,5.9536285,10.5],"faces":{"east":{"uv":[0.25,3.5,0.5,4.5],"tintindex":0,"rotation":0,"texture":"#0"},"south":{"uv":[0.5,3.5,0.75,4.5],"tintindex":0,"rotation":0,"texture":"#0"},"north":{"uv":[0.0,3.5,0.25,4.5],"tintindex":0,"rotation":0,"texture":"#0"},"west":{"uv":[6.75,0.75,7.0,1.75],"tintindex":0,"rotation":0,"texture":"#0"},"up":{"uv":[8.0,1.5,7.75,1.25],"tintindex":0,"rotation":0,"texture":"#0"},"down":{"uv":[8.0,1.5,7.75,1.75],"tintindex":0,"rotation":0,"texture":"#0"}},"rotation":{"origin":[5.8528433,4.5786285,10.375],"angle":-45.0,"axis":"z"}},{"from":[9.07841,1.3637657,5.5],"to":[9.828409,12.363766,5.75],"faces":{"east":{"uv":[9.75,10.5,10.0,13.25],"tintindex":0,"rotation":0,"texture":"#0"},"south":{"uv":[1.0,10.75,1.25,13.5],"tintindex":0,"rotation":0,"texture":"#0"},"north":{"uv":[7.25,10.0,7.5,12.75],"tintindex":0,"rotation":0,"texture":"#0"},"west":{"uv":[1.25,10.75,1.5,13.5],"tintindex":0,"rotation":0,"texture":"#0"},"up":{"uv":[8.25,1.5,8.0,1.25],"tintindex":0,"rotation":0,"texture":"#0"},"down":{"uv":[8.25,1.5,8.0,1.75],"tintindex":0,"rotation":0,"texture":"#0"}},"rotation":{"origin":[10.078409,9.988766,5.625],"angle":-45.0,"axis":"z"}}],"display":{"gui":{"rotation":[30,225,0]}}}