{"textures":{"0":"modelengine:entity/texture8"},"elements":[{"from":[7.625,7.503825,11.0],"to":[8.375,8.503825,17.0],"faces":{"east":{"uv":[11.25,0.0,12.75,0.25],"tintindex":0,"rotation":0,"texture":"#0"},"south":{"uv":[9.25,1.0,9.5,1.25],"tintindex":0,"rotation":0,"texture":"#0"},"north":{"uv":[9.25,0.75,9.5,1.0],"tintindex":0,"rotation":0,"texture":"#0"},"west":{"uv":[11.25,0.25,12.75,0.5],"tintindex":0,"rotation":0,"texture":"#0"},"up":{"uv":[1.75,2.0,1.5,0.5],"tintindex":0,"rotation":0,"texture":"#0"},"down":{"uv":[2.0,0.5,1.75,2.0],"tintindex":0,"rotation":0,"texture":"#0"}},"rotation":{"origin":[8.0,6.753825,14.0],"angle":-22.5,"axis":"x"}}],"display":{"gui":{"rotation":[30,225,0]}}}