{"textures":{"0":"modelengine:entity/texture8"},"elements":[{"from":[7.625,8.75,-1.0],"to":[8.375,9.75,5.0],"faces":{"east":{"uv":[11.25,0.5,12.75,0.75],"tintindex":0,"rotation":0,"texture":"#0"},"south":{"uv":[9.25,1.5,9.5,1.75],"tintindex":0,"rotation":0,"texture":"#0"},"north":{"uv":[9.25,1.25,9.5,1.5],"tintindex":0,"rotation":0,"texture":"#0"},"west":{"uv":[11.25,0.75,12.75,1.0],"tintindex":0,"rotation":0,"texture":"#0"},"up":{"uv":[6.0,12.5,5.75,11.0],"tintindex":0,"rotation":0,"texture":"#0"},"down":{"uv":[0.25,11.25,0.0,12.75],"tintindex":0,"rotation":0,"texture":"#0"}},"rotation":{"origin":[8.0,8.0,2.0],"angle":22.5,"axis":"x"}}],"display":{"gui":{"rotation":[30,225,0]}}}