{"textures":{"0":"modelengine:entity/texture8"},"elements":[{"from":[3.5,7.0,5.75],"to":[12.5,12.0,10.25],"faces":{"east":{"uv":[6.75,3.25,7.75,4.5],"tintindex":0,"rotation":0,"texture":"#0"},"south":{"uv":[4.25,0.0,6.5,1.25],"tintindex":0,"rotation":0,"texture":"#0"},"north":{"uv":[2.25,3.0,4.5,4.25],"tintindex":0,"rotation":0,"texture":"#0"},"west":{"uv":[7.0,6.0,8.0,7.25],"tintindex":0,"rotation":0,"texture":"#0"},"up":{"uv":[6.5,2.25,4.25,1.25],"tintindex":0,"rotation":0,"texture":"#0"},"down":{"uv":[4.5,4.25,2.25,5.25],"tintindex":0,"rotation":0,"texture":"#0"}}},{"from":[3.75,6.0,6.75],"to":[12.25,7.0,9.75],"faces":{"east":{"uv":[6.25,6.0,7.0,6.25],"tintindex":0,"rotation":0,"texture":"#0"},"south":{"uv":[9.5,6.5,11.75,6.75],"tintindex":0,"rotation":0,"texture":"#0"},"north":{"uv":[9.5,6.25,11.75,6.5],"tintindex":0,"rotation":0,"texture":"#0"},"west":{"uv":[10.5,4.25,11.25,4.5],"tintindex":0,"rotation":0,"texture":"#0"},"up":{"uv":[8.5,6.0,6.25,5.25],"tintindex":0,"rotation":0,"texture":"#0"},"down":{"uv":[8.75,0.0,6.5,0.75],"tintindex":0,"rotation":0,"texture":"#0"}}}],"display":{"gui":{"rotation":[30,225,0]}}}