{"textures":{"0":"modelengine:entity/texture8"},"elements":[{"from":[7.0,5.1523685,5.2642975],"to":[9.0,7.1523685,6.5142975],"faces":{"east":{"uv":[11.0,0.0,11.25,0.5],"tintindex":0,"rotation":0,"texture":"#0"},"south":{"uv":[2.25,10.75,2.75,11.25],"tintindex":0,"rotation":0,"texture":"#0"},"north":{"uv":[1.75,10.75,2.25,11.25],"tintindex":0,"rotation":0,"texture":"#0"},"west":{"uv":[11.0,0.5,11.25,1.0],"tintindex":0,"rotation":0,"texture":"#0"},"up":{"uv":[11.5,1.25,11.0,1.0],"tintindex":0,"rotation":0,"texture":"#0"},"down":{"uv":[11.5,1.25,11.0,1.5],"tintindex":0,"rotation":0,"texture":"#0"}}},{"from":[4.0,5.1523685,6.5142975],"to":[12.0,10.652369,12.0142975],"faces":{"east":{"uv":[0.0,6.5,1.0,8.0],"tintindex":0,"rotation":0,"texture":"#0"},"south":{"uv":[2.25,1.5,4.25,3.0],"tintindex":0,"rotation":0,"texture":"#0"},"north":{"uv":[2.25,0.0,4.25,1.5],"tintindex":0,"rotation":0,"texture":"#0"},"west":{"uv":[6.75,1.75,7.75,3.25],"tintindex":0,"rotation":0,"texture":"#0"},"up":{"uv":[4.25,6.25,2.25,5.25],"tintindex":0,"rotation":0,"texture":"#0"},"down":{"uv":[6.25,5.25,4.25,6.25],"tintindex":0,"rotation":0,"texture":"#0"}}},{"from":[7.0,7.1523685,6.2642975],"to":[9.0,8.152369,7.5142975],"faces":{"east":{"uv":[11.0,5.75,11.25,6.0],"tintindex":0,"rotation":0,"texture":"#0"},"south":{"uv":[11.0,1.75,11.5,2.0],"tintindex":0,"rotation":0,"texture":"#0"},"north":{"uv":[11.0,1.5,11.5,1.75],"tintindex":0,"rotation":0,"texture":"#0"},"west":{"uv":[6.0,11.0,6.25,11.25],"tintindex":0,"rotation":0,"texture":"#0"},"up":{"uv":[11.5,2.25,11.0,2.0],"tintindex":0,"rotation":0,"texture":"#0"},"down":{"uv":[11.5,2.25,11.0,2.5],"tintindex":0,"rotation":0,"texture":"#0"}},"rotation":{"origin":[8.0,7.6523685,5.8892975],"angle":45.0,"axis":"x"}}],"display":{"gui":{"rotation":[30,225,0]}}}