{"textures":{"0":"modelengine:entity/texture8"},"elements":[{"from":[5.25,6.853554,7.5669417],"to":[10.75,8.853554,10.566942],"faces":{"east":{"uv":[11.0,2.5,11.5,2.75],"tintindex":0,"rotation":0,"texture":"#0"},"south":{"uv":[1.75,10.5,3.25,10.75],"tintindex":0,"rotation":0,"texture":"#0"},"north":{"uv":[10.0,5.5,11.5,5.75],"tintindex":0,"rotation":0,"texture":"#0"},"west":{"uv":[2.75,11.0,3.25,11.25],"tintindex":0,"rotation":0,"texture":"#0"},"up":{"uv":[11.0,3.75,9.5,3.25],"tintindex":0,"rotation":0,"texture":"#0"},"down":{"uv":[11.0,5.75,9.5,6.25],"tintindex":0,"rotation":0,"texture":"#0"}},"rotation":{"origin":[8.0,8.353554,9.066942],"angle":0.0,"axis":"x"}},{"from":[5.0,5.603554,7.0669417],"to":[11.0,8.853554,9.316942],"faces":{"east":{"uv":[10.0,10.25,10.5,11.0],"tintindex":0,"rotation":0,"texture":"#0"},"south":{"uv":[1.0,7.25,2.5,8.0],"tintindex":0,"rotation":0,"texture":"#0"},"north":{"uv":[6.75,4.5,8.25,5.25],"tintindex":0,"rotation":0,"texture":"#0"},"west":{"uv":[10.5,0.0,11.0,0.75],"tintindex":0,"rotation":0,"texture":"#0"},"up":{"uv":[10.75,9.25,9.25,8.75],"tintindex":0,"rotation":0,"texture":"#0"},"down":{"uv":[11.0,2.75,9.5,3.25],"tintindex":0,"rotation":0,"texture":"#0"}},"rotation":{"origin":[8.0,8.353554,8.316942],"angle":45.0,"axis":"x"}}],"display":{"gui":{"rotation":[30,225,0]}}}