{"textures":{"0":"modelengine:entity/texture8"},"elements":[{"from":[6.5,4.9375,5.25],"to":[9.5,6.1875,6.75],"faces":{"east":{"uv":[2.75,10.75,3.25,11.0],"tintindex":0,"rotation":0,"texture":"#0"},"south":{"uv":[8.25,10.75,9.0,11.0],"tintindex":0,"rotation":0,"texture":"#0"},"north":{"uv":[7.5,10.75,8.25,11.0],"tintindex":0,"rotation":0,"texture":"#0"},"west":{"uv":[5.25,10.75,5.75,11.0],"tintindex":0,"rotation":0,"texture":"#0"},"up":{"uv":[11.0,1.25,10.25,0.75],"tintindex":0,"rotation":0,"texture":"#0"},"down":{"uv":[11.0,1.25,10.25,1.75],"tintindex":0,"rotation":0,"texture":"#0"}}},{"from":[6.5,4.9375,6.25],"to":[9.5,7.9375,9.75],"faces":{"east":{"uv":[8.75,0.0,9.75,0.75],"tintindex":0,"rotation":0,"texture":"#0"},"south":{"uv":[1.0,10.0,1.75,10.75],"tintindex":0,"rotation":0,"texture":"#0"},"north":{"uv":[9.75,3.75,10.5,4.5],"tintindex":0,"rotation":0,"texture":"#0"},"west":{"uv":[0.0,9.0,1.0,9.75],"tintindex":0,"rotation":0,"texture":"#0"},"up":{"uv":[1.75,10.0,1.0,9.0],"tintindex":0,"rotation":0,"texture":"#0"},"down":{"uv":[9.75,3.75,9.0,4.75],"tintindex":0,"rotation":0,"texture":"#0"}}}],"display":{"gui":{"rotation":[30,225,0]}}}