{"textures":{"0":"modelengine:entity/texture8"},"elements":[{"from":[6.5,4.0,6.25],"to":[9.5,8.0,9.75],"faces":{"east":{"uv":[4.5,7.25,5.5,8.25],"tintindex":0,"rotation":0,"texture":"#0"},"south":{"uv":[4.25,8.25,5.0,9.25],"tintindex":0,"rotation":0,"texture":"#0"},"north":{"uv":[8.25,3.75,9.0,4.75],"tintindex":0,"rotation":0,"texture":"#0"},"west":{"uv":[5.5,7.25,6.5,8.25],"tintindex":0,"rotation":0,"texture":"#0"},"up":{"uv":[5.75,9.25,5.0,8.25],"tintindex":0,"rotation":0,"texture":"#0"},"down":{"uv":[6.5,8.25,5.75,9.25],"tintindex":0,"rotation":0,"texture":"#0"}}}],"display":{"gui":{"rotation":[30,225,0]}}}