{"textures":{"0":"modelengine:entity/texture8"},"elements":[{"from":[7.0,6.8125,7.875],"to":[8.25,8.8125,8.125],"faces":{"east":{"uv":[11.0,2.75,11.25,3.25],"tintindex":0,"rotation":0,"texture":"#0"},"south":{"uv":[11.0,3.25,11.25,3.75],"tintindex":0,"rotation":0,"texture":"#0"},"north":{"uv":[0.75,11.0,1.0,11.5],"tintindex":0,"rotation":0,"texture":"#0"},"west":{"uv":[3.75,11.0,4.0,11.5],"tintindex":0,"rotation":0,"texture":"#0"},"up":{"uv":[11.25,6.25,11.0,6.0],"tintindex":0,"rotation":0,"texture":"#0"},"down":{"uv":[11.25,6.75,11.0,7.0],"tintindex":0,"rotation":0,"texture":"#0"}}},{"from":[5.75,7.5625,7.875],"to":[7.0,8.8125,8.125],"faces":{"east":{"uv":[11.0,7.25,11.25,7.5],"tintindex":0,"rotation":0,"texture":"#0"},"south":{"uv":[7.5,11.0,7.75,11.25],"tintindex":0,"rotation":0,"texture":"#0"},"north":{"uv":[11.0,7.0,11.25,7.25],"tintindex":0,"rotation":0,"texture":"#0"},"west":{"uv":[11.0,7.5,11.25,7.75],"tintindex":0,"rotation":0,"texture":"#0"},"up":{"uv":[8.0,11.25,7.75,11.0],"tintindex":0,"rotation":0,"texture":"#0"},"down":{"uv":[11.25,7.75,11.0,8.0],"tintindex":0,"rotation":0,"texture":"#0"}}}],"display":{"gui":{"rotation":[30,225,0]}}}