{"textures":{"0":"modelengine:entity/texture8"},"elements":[{"from":[5.75,3.375,6.25],"to":[8.25,7.875,9.75],"faces":{"east":{"uv":[7.75,1.75,8.75,2.75],"tintindex":0,"rotation":0,"texture":"#0"},"south":{"uv":[7.25,9.0,8.0,10.0],"tintindex":0,"rotation":0,"texture":"#0"},"north":{"uv":[6.5,9.0,7.25,10.0],"tintindex":0,"rotation":0,"texture":"#0"},"west":{"uv":[7.75,2.75,8.75,3.75],"tintindex":0,"rotation":0,"texture":"#0"},"up":{"uv":[5.0,10.25,4.25,9.25],"tintindex":0,"rotation":0,"texture":"#0"},"down":{"uv":[10.0,4.75,9.25,5.75],"tintindex":0,"rotation":0,"texture":"#0"}}}],"display":{"gui":{"rotation":[30,225,0]}}}