{"textures":{"0":"modelengine:entity/texture8"},"elements":[{"from":[5.75,3.375,6.25],"to":[8.25,7.875,9.75],"faces":{"east":{"uv":[0.0,8.0,1.0,9.0],"tintindex":0,"rotation":0,"texture":"#0"},"south":{"uv":[8.75,9.25,9.5,10.25],"tintindex":0,"rotation":0,"texture":"#0"},"north":{"uv":[8.0,9.25,8.75,10.25],"tintindex":0,"rotation":0,"texture":"#0"},"west":{"uv":[1.0,8.0,2.0,9.0],"tintindex":0,"rotation":0,"texture":"#0"},"up":{"uv":[10.25,1.75,9.5,0.75],"tintindex":0,"rotation":0,"texture":"#0"},"down":{"uv":[2.5,9.5,1.75,10.5],"tintindex":0,"rotation":0,"texture":"#0"}}}],"display":{"gui":{"rotation":[30,225,0]}}}