{"textures":{"0":"modelengine:entity/texture8"},"elements":[{"from":[6.5,4.0,6.25],"to":[9.5,8.0,9.75],"faces":{"east":{"uv":[6.5,7.25,7.5,8.25],"tintindex":0,"rotation":0,"texture":"#0"},"south":{"uv":[8.75,1.75,9.5,2.75],"tintindex":0,"rotation":0,"texture":"#0"},"north":{"uv":[8.5,8.25,9.25,9.25],"tintindex":0,"rotation":0,"texture":"#0"},"west":{"uv":[7.5,7.25,8.5,8.25],"tintindex":0,"rotation":0,"texture":"#0"},"up":{"uv":[9.5,3.75,8.75,2.75],"tintindex":0,"rotation":0,"texture":"#0"},"down":{"uv":[9.5,5.75,8.75,6.75],"tintindex":0,"rotation":0,"texture":"#0"}}}],"display":{"gui":{"rotation":[30,225,0]}}}