{"textures":{"0":"modelengine:entity/texture8"},"elements":[{"from":[7.875,7.875,8.0],"to":[8.125,8.125,16.0],"faces":{"east":{"uv":[11.0,5.0,13.0,5.25],"tintindex":0,"rotation":0,"texture":"#0"},"south":{"uv":[9.0,7.0,9.25,7.25],"tintindex":0,"rotation":0,"texture":"#0"},"north":{"uv":[9.0,6.75,9.25,7.0],"tintindex":0,"rotation":0,"texture":"#0"},"west":{"uv":[10.75,11.0,12.75,11.25],"tintindex":0,"rotation":0,"texture":"#0"},"up":{"uv":[0.75,2.5,0.5,0.5],"tintindex":0,"rotation":0,"texture":"#0"},"down":{"uv":[1.0,0.5,0.75,2.5],"tintindex":0,"rotation":0,"texture":"#0"}}}],"display":{"gui":{"rotation":[30,225,0]}}}