{"textures":{"0":"modelengine:entity/texture4"},"elements":[{"from":[6.5,2.625,6.25],"to":[9.25,4.375,9.75],"faces":{"east":{"uv":[10.0,7.75,11.0,8.25],"tintindex":0,"rotation":0,"texture":"#0"},"south":{"uv":[8.75,10.25,9.5,10.75],"tintindex":0,"rotation":0,"texture":"#0"},"north":{"uv":[8.0,10.25,8.75,10.75],"tintindex":0,"rotation":0,"texture":"#0"},"west":{"uv":[10.0,8.25,11.0,8.75],"tintindex":0,"rotation":0,"texture":"#0"},"up":{"uv":[10.25,2.75,9.5,1.75],"tintindex":0,"rotation":0,"texture":"#0"},"down":{"uv":[3.25,9.5,2.5,10.5],"tintindex":0,"rotation":0,"texture":"#0"}}},{"from":[7.0,4.375,6.5],"to":[9.25,8.625,9.5],"faces":{"east":{"uv":[2.75,8.25,3.5,9.5],"tintindex":0,"rotation":0,"texture":"#0"},"south":{"uv":[0.5,9.75,1.0,11.0],"tintindex":0,"rotation":0,"texture":"#0"},"north":{"uv":[0.0,9.75,0.5,11.0],"tintindex":0,"rotation":0,"texture":"#0"},"west":{"uv":[3.5,8.25,4.25,9.5],"tintindex":0,"rotation":0,"texture":"#0"},"up":{"uv":[8.0,10.75,7.5,10.0],"tintindex":0,"rotation":0,"texture":"#0"},"down":{"uv":[6.25,10.25,5.75,11.0],"tintindex":0,"rotation":0,"texture":"#0"}}}],"display":{"gui":{"rotation":[30,225,0]}}}