{"textures":{"0":"modelengine:entity/texture4"},"elements":[{"from":[6.5,4.458333,6.25],"to":[9.5,6.208333,9.75],"faces":{"east":{"uv":[10.0,6.75,11.0,7.25],"tintindex":0,"rotation":0,"texture":"#0"},"south":{"uv":[5.0,10.25,5.75,10.75],"tintindex":0,"rotation":0,"texture":"#0"},"north":{"uv":[4.25,10.25,5.0,10.75],"tintindex":0,"rotation":0,"texture":"#0"},"west":{"uv":[10.0,7.25,11.0,7.75],"tintindex":0,"rotation":0,"texture":"#0"},"up":{"uv":[10.0,7.75,9.25,6.75],"tintindex":0,"rotation":0,"texture":"#0"},"down":{"uv":[10.0,7.75,9.25,8.75],"tintindex":0,"rotation":0,"texture":"#0"}}},{"from":[6.5,2.458333,6.25],"to":[9.25,4.208333,9.75],"faces":{"east":{"uv":[10.0,4.5,11.0,5.0],"tintindex":0,"rotation":0,"texture":"#0"},"south":{"uv":[10.25,2.25,11.0,2.75],"tintindex":0,"rotation":0,"texture":"#0"},"north":{"uv":[10.25,1.75,11.0,2.25],"tintindex":0,"rotation":0,"texture":"#0"},"west":{"uv":[10.0,5.0,11.0,5.5],"tintindex":0,"rotation":0,"texture":"#0"},"up":{"uv":[5.75,10.25,5.0,9.25],"tintindex":0,"rotation":0,"texture":"#0"},"down":{"uv":[6.5,9.25,5.75,10.25],"tintindex":0,"rotation":0,"texture":"#0"}}},{"from":[7.0,4.208333,6.5],"to":[9.25,8.458333,9.5],"faces":{"east":{"uv":[8.0,6.0,8.75,7.25],"tintindex":0,"rotation":0,"texture":"#0"},"south":{"uv":[9.5,9.25,10.0,10.5],"tintindex":0,"rotation":0,"texture":"#0"},"north":{"uv":[3.75,9.5,4.25,10.75],"tintindex":0,"rotation":0,"texture":"#0"},"west":{"uv":[2.0,8.25,2.75,9.5],"tintindex":0,"rotation":0,"texture":"#0"},"up":{"uv":[2.25,6.25,1.75,5.5],"tintindex":0,"rotation":0,"texture":"#0"},"down":{"uv":[8.25,3.75,7.75,4.5],"tintindex":0,"rotation":0,"texture":"#0"}}}],"display":{"gui":{"rotation":[30,225,0]}}}