{"textures":{"0":"modelengine:entity/texture"},"elements":[{"from":[6.0,5.25,7.3125],"to":[10.0,8.25,7.3125],"faces":{"south":{"uv":[7.5,6.0,9.5,7.5],"tintindex":0,"rotation":0,"texture":"#0"},"north":{"uv":[4.0,7.0,6.0,8.5],"tintindex":0,"rotation":0,"texture":"#0"}}},{"from":[5.0,8.25,7.0625],"to":[11.0,10.25,10.3125],"faces":{"east":{"uv":[10.5,9.0,12.0,10.0],"tintindex":0,"rotation":0,"texture":"#0"},"south":{"uv":[7.5,5.0,10.5,6.0],"tintindex":0,"rotation":0,"texture":"#0"},"north":{"uv":[7.5,4.0,10.5,5.0],"tintindex":0,"rotation":0,"texture":"#0"},"west":{"uv":[10.0,10.5,11.5,11.5],"tintindex":0,"rotation":0,"texture":"#0"},"up":{"uv":[9.0,1.5,6.0,0.0],"tintindex":0,"rotation":0,"texture":"#0"},"down":{"uv":[9.0,1.5,6.0,3.0],"tintindex":0,"rotation":0,"texture":"#0"}}}],"display":{"gui":{"rotation":[30,225,0]}}}