{"textures":{"0":"modelengine:entity/texture4"},"elements":[{"from":[6.5,4.9375,5.25],"to":[9.5,6.1875,6.75],"faces":{"east":{"uv":[2.0,8.0,2.5,8.25],"tintindex":0,"rotation":0,"texture":"#0"},"south":{"uv":[4.5,10.75,5.25,11.0],"tintindex":0,"rotation":0,"texture":"#0"},"north":{"uv":[3.75,10.75,4.5,11.0],"tintindex":0,"rotation":0,"texture":"#0"},"west":{"uv":[8.0,9.0,8.5,9.25],"tintindex":0,"rotation":0,"texture":"#0"},"up":{"uv":[10.75,9.75,10.0,9.25],"tintindex":0,"rotation":0,"texture":"#0"},"down":{"uv":[10.75,9.75,10.0,10.25],"tintindex":0,"rotation":0,"texture":"#0"}}},{"from":[6.5,4.9375,6.25],"to":[9.5,7.9375,9.75],"faces":{"east":{"uv":[6.5,8.25,7.5,9.0],"tintindex":0,"rotation":0,"texture":"#0"},"south":{"uv":[9.75,0.0,10.5,0.75],"tintindex":0,"rotation":0,"texture":"#0"},"north":{"uv":[1.0,6.5,1.75,7.25],"tintindex":0,"rotation":0,"texture":"#0"},"west":{"uv":[7.5,8.25,8.5,9.0],"tintindex":0,"rotation":0,"texture":"#0"},"up":{"uv":[9.25,5.75,8.5,4.75],"tintindex":0,"rotation":0,"texture":"#0"},"down":{"uv":[9.25,7.25,8.5,8.25],"tintindex":0,"rotation":0,"texture":"#0"}}}],"display":{"gui":{"rotation":[30,225,0]}}}