{"textures":{"0":"modelengine:entity/texture"},"elements":[{"from":[6.0,7.241025,7.600481],"to":[10.0,9.241025,9.600481],"faces":{"east":{"uv":[5.0,12.0,6.0,13.0],"tintindex":0,"rotation":0,"texture":"#0"},"south":{"uv":[9.0,0.0,11.0,1.0],"tintindex":0,"rotation":0,"texture":"#0"},"north":{"uv":[4.0,8.5,6.0,9.5],"tintindex":0,"rotation":0,"texture":"#0"},"west":{"uv":[6.0,12.0,7.0,13.0],"tintindex":0,"rotation":0,"texture":"#0"},"up":{"uv":[11.0,2.0,9.0,1.0],"tintindex":0,"rotation":0,"texture":"#0"},"down":{"uv":[11.0,2.0,9.0,3.0],"tintindex":0,"rotation":0,"texture":"#0"}},"rotation":{"origin":[8.0,9.241025,7.850481],"angle":22.5,"axis":"x"}}],"display":{"gui":{"rotation":[30,225,0]}}}