{"textures":{"0":"modelengine:entity/texture4"},"elements":[{"from":[5.75,7.5625,7.875],"to":[7.0,8.8125,8.125],"faces":{"east":{"uv":[10.0,11.0,10.25,11.25],"tintindex":0,"rotation":0,"texture":"#0"},"south":{"uv":[10.25,11.0,10.5,11.25],"tintindex":0,"rotation":0,"texture":"#0"},"north":{"uv":[8.75,11.0,9.0,11.25],"tintindex":0,"rotation":0,"texture":"#0"},"west":{"uv":[11.0,10.25,11.25,10.5],"tintindex":0,"rotation":0,"texture":"#0"},"up":{"uv":[10.75,11.25,10.5,11.0],"tintindex":0,"rotation":0,"texture":"#0"},"down":{"uv":[11.25,10.5,11.0,10.75],"tintindex":0,"rotation":0,"texture":"#0"}}},{"from":[7.0,6.8125,7.875],"to":[8.25,8.8125,8.125],"faces":{"east":{"uv":[4.25,11.0,4.5,11.5],"tintindex":0,"rotation":0,"texture":"#0"},"south":{"uv":[4.5,11.0,4.75,11.5],"tintindex":0,"rotation":0,"texture":"#0"},"north":{"uv":[4.0,11.0,4.25,11.5],"tintindex":0,"rotation":0,"texture":"#0"},"west":{"uv":[11.0,4.5,11.25,5.0],"tintindex":0,"rotation":0,"texture":"#0"},"up":{"uv":[8.75,11.25,8.5,11.0],"tintindex":0,"rotation":0,"texture":"#0"},"down":{"uv":[11.25,8.5,11.0,8.75],"tintindex":0,"rotation":0,"texture":"#0"}}}],"display":{"gui":{"rotation":[30,225,0]}}}