{"textures":{"0":"modelengine:entity/texture4"},"elements":[{"from":[7.625,3.625,3.75],"to":[8.375,12.375,12.25],"faces":{"east":{"uv":[0.0,0.0,2.25,2.25],"tintindex":0,"rotation":0,"texture":"#0"},"south":{"uv":[6.75,10.0,7.0,12.25],"tintindex":0,"rotation":0,"texture":"#0"},"north":{"uv":[6.5,10.0,6.75,12.25],"tintindex":0,"rotation":0,"texture":"#0"},"west":{"uv":[0.0,2.25,2.25,4.5],"tintindex":0,"rotation":0,"texture":"#0"},"up":{"uv":[7.25,12.25,7.0,10.0],"tintindex":0,"rotation":0,"texture":"#0"},"down":{"uv":[7.5,10.0,7.25,12.25],"tintindex":0,"rotation":0,"texture":"#0"}}}],"display":{"gui":{"rotation":[30,225,0]}}}