{"textures":{"0":"modelengine:entity/honduran_whitebat"},"elements":[{"from":[7.0,7.0,4.0],"to":[9.0,9.0,5.0],"faces":{"east":{"uv":[0.0,0.5,0.5,1.5],"tintindex":0,"rotation":0,"texture":"#0"},"south":{"uv":[2.0,0.5,3.0,1.5],"tintindex":0,"rotation":0,"texture":"#0"},"north":{"uv":[0.5,0.5,1.5,1.5],"tintindex":0,"rotation":0,"texture":"#0"},"west":{"uv":[1.5,0.5,2.0,1.5],"tintindex":0,"rotation":0,"texture":"#0"},"up":{"uv":[1.5,0.5,0.5,0.0],"tintindex":0,"rotation":0,"texture":"#0"},"down":{"uv":[2.5,0.0,1.5,0.5],"tintindex":0,"rotation":0,"texture":"#0"}}},{"from":[6.0,7.0,5.0],"to":[10.0,10.0,11.0],"faces":{"east":{"uv":[0.0,9.0,3.0,10.5],"tintindex":0,"rotation":0,"texture":"#0"},"south":{"uv":[8.0,9.0,10.0,10.5],"tintindex":0,"rotation":0,"texture":"#0"},"north":{"uv":[3.0,9.0,5.0,10.5],"tintindex":0,"rotation":0,"texture":"#0"},"west":{"uv":[5.0,9.0,8.0,10.5],"tintindex":0,"rotation":0,"texture":"#0"},"up":{"uv":[5.0,9.0,3.0,6.0],"tintindex":0,"rotation":0,"texture":"#0"},"down":{"uv":[7.0,6.0,5.0,9.0],"tintindex":0,"rotation":0,"texture":"#0"}}}],"display":{"gui":{"rotation":[30,225,0]}}}